House ID,Golden Grains
6e33d051,1.14033e+06
6e33d0e0,1.09579e+06
6e33d108,1.09359e+06
6e33d16f,1.38176e+06
6e33d1b1,1.39959e+06
6e33d27e,862363.0
6e33d2a1,1.43755e+06
6e33d34f,1.37922e+06
6e33d359,1.07946e+06
6e33d35f,1.27384e+06
6e33d3a7,1.3248e+06
6e33d3be,1.05832e+06
6e33d3fd,1.21276e+06
6e33d405,1.16396e+06
6e33d40f,1.46565e+06
6e33d449,1.39036e+06
6e33d46f,1.13484e+06
6e33d48d,1.21932e+06
6e33d4c9,1.19304e+06
6e33d501,1.43468e+06
6e33d50d,1.40212e+06
6e33d54a,1.31031e+06
6e33d581,1.25865e+06
6e33d590,1.50792e+06
6e33d5d6,1.63281e+06
6e33d632,1.24643e+06
6e33d656,1.39876e+06
6e33d68b,1.24087e+06
6e33d694,1.43453e+06
6e33d699,1.35011e+06
6e33d707,1.16018e+06
6e33d70c,1.3996e+06
6e33d781,1.38348e+06
6e33d792,1.60847e+06
6e33d7b1,1.25352e+06
6e33d7ba,1.40168e+06
6e33d817,1.28549e+06
6e33d82c,1.34857e+06
6e33d85c,1.4218e+06
6e33d8f9,1.30551e+06
6e33d91a,1.16681e+06
6e33d92d,1.54185e+06
6e33d93c,1.18773e+06
6e33d93f,1.56642e+06
6e33d9c6,1.46044e+06
6e33d9d3,1.38289e+06
6e33d9dd,1.52153e+06
6e33da26,1.16103e+06
6e33dae1,1.31074e+06
6e33db61,998923.0
6e33db7f,1.34362e+06
6e33dbd2,1.21186e+06
6e33dc77,1.24643e+06
6e33dcb7,1.19406e+06
6e33dcbb,1.30497e+06
6e33dccb,1.35936e+06
6e33dd37,1.44135e+06
6e33dd66,1.15366e+06
6e33dd73,1.31153e+06
6e33ddd0,823283.0
6e33ddfc,1.26188e+06
6e33de61,1.56219e+06
6e33df5c,898350.0
6e33df99,1.35079e+06
6e33dfa4,1.21765e+06
6e33dfa6,1.21032e+06
6e33dfd4,1.42367e+06
6e33e044,1.48924e+06
6e33e07c,1.22298e+06
6e33e093,1.49443e+06
6e33e0c1,1.2643e+06
6e33e0f0,1.27673e+06
6e33e162,1.40984e+06
6e33e182,1.30594e+06
6e33e267,1.5506e+06
6e33e2ce,1.46677e+06
6e33e385,1.25469e+06
6e33e409,1.40126e+06
6e33e476,1.25455e+06
6e33e492,1.44406e+06
6e33e49d,1.0796e+06
6e33e4cd,1.21132e+06
6e33e4d4,1.01086e+06
6e33e50b,1.44178e+06
6e33e56c,1.29579e+06
6e33e579,1.36565e+06
6e33e589,1.19259e+06
6e33e5c2,1.45704e+06
6e33e5cf,1.02413e+06
6e33e634,1.46624e+06
6e33e63b,1.1298e+06
6e33e68e,1.16208e+06
6e33e696,1.05988e+06
6e33e6b7,1.39833e+06
6e33e6d3,1.4697e+06
6e33e710,1.45592e+06
6e33e760,1.27449e+06
6e33e7b3,1.46471e+06
6e33e7f8,1.20206e+06
6e33e831,1.22282e+06
6e33e88c,1.4992e+06
6e33e919,1.42165e+06
6e33e9aa,1.27248e+06
6e33e9fd,1.30349e+06
6e33ea37,1.07178e+06
6e33ea4d,976645.0
6e33ea59,1.33324e+06
6e33ea6c,1.41052e+06
6e33ea97,1.36217e+06
6e33ea9d,1.25399e+06
6e33eabb,1.25104e+06
6e33eb37,1.30476e+06
6e33eb52,806899.0
6e33eb73,1.57172e+06
6e33ebb3,1.43289e+06
6e33ebef,1.09926e+06
6e33ec16,1.45773e+06
6e33ec52,1.43114e+06
6e33ec9c,1.02666e+06
6e33ed0f,1.38988e+06
6e33ed35,1.12006e+06
6e33ed6b,1.43507e+06
6e33ed99,1.12382e+06
6e33ede8,1.25691e+06
6e33edf5,1.49166e+06
6e33ee05,941964.0
6e33ee47,1.53463e+06
6e33eea6,1.55843e+06
6e33f0b8,1.43562e+06
6e33f0de,1.42725e+06
6e33f1ad,1.40762e+06
6e33f227,1.47562e+06
6e33f25f,1.42416e+06
6e33f2d2,1.42713e+06
6e33f332,1.46208e+06
6e33f348,1.40926e+06
6e33f3b0,1.42561e+06
6e33f3b6,1.47302e+06
6e33f3c0,1.28221e+06
6e33f3e5,1.20348e+06
6e33f44b,1.39474e+06
6e33f451,1.26768e+06
6e33f599,1.43462e+06
6e33f60e,882817.0
6e33f628,1.19342e+06
6e33f62b,1.34425e+06
6e33f651,1.25886e+06
6e33f666,1.40209e+06
6e33f699,1.12441e+06
6e33f6dd,1.38802e+06
6e33f70d,1.17316e+06
6e33f71e,1.26941e+06
6e33f767,1.28394e+06
6e33f83b,1.32008e+06
6e33f896,1.26158e+06
6e33f90c,1.50644e+06
6e33f93a,1.35696e+06
6e33f93e,1.52028e+06
6e33f94f,1.48131e+06
6e33fa44,1.40774e+06
6e33fa53,1.02717e+06
6e33fa7a,1.3414e+06
6e33facb,1.10942e+06
6e33fadc,1.31508e+06
6e33fae8,1.55499e+06
6e33fb19,1.44838e+06
6e33fb24,1.29063e+06
6e33fb62,1.42079e+06
6e33fb77,1.31665e+06
6e33fb83,1.09737e+06
6e33fbc3,1.3076e+06
6e33fbd7,1.42907e+06
6e33fc10,1.3949e+06
6e33fc52,1.51921e+06
6e33fcb6,1.14801e+06
6e33fd3d,1.08327e+06
6e33fd43,1.24754e+06
6e33fd59,1.07898e+06
6e33fd81,1.19517e+06
6e33fd90,1.11402e+06
6e33fe1a,1.44977e+06
6e33fe2d,1.27571e+06
6e33fe38,1.36504e+06
6e33fe4f,1.32809e+06
6e33fe76,1.36001e+06
6e33fea6,1.23833e+06
6e33feb0,1.47727e+06
6e33febd,1.35576e+06
6e33feec,1.45042e+06
6e33fef7,1.59434e+06
6e33ff63,1.30588e+06
6e33ff8a,1.29816e+06
6e33ffd6,1.10123e+06
6e34000c,1.41871e+06
6e340028,1.30025e+06
6e34005c,1.28162e+06
6e3400a3,1.43888e+06
6e3400c6,1.49076e+06
6e3400f3,1.35756e+06
6e34014f,1.30497e+06
6e34020b,1.21909e+06
6e34026f,1.39741e+06
6e340308,1.52872e+06
6e3403d0,1.30074e+06
6e3403ea,1.49645e+06
6e3403ef,1.49314e+06
6e34041d,1.1844e+06
6e340459,970751.0
6e340468,1.36257e+06
6e340492,1.54178e+06
6e3404ef,869086.0
6e34055d,1.18789e+06
6e3405f9,1.13833e+06
6e34062e,1.52679e+06
6e340672,1.42844e+06
6e340684,1.10323e+06
6e34068a,1.36173e+06
6e34068e,1.36975e+06
6e33d100,1.21344e+06
6e33d122,1.19644e+06
6e33d19b,1.48362e+06
6e33d25f,1.40309e+06
6e33d26f,1.48697e+06
6e33d31a,966024.0
6e33d34a,1.06623e+06
6e33d39d,1.55477e+06
6e33d3f7,1.53127e+06
6e33d408,1.56123e+06
6e33d482,1.28407e+06
6e33d491,1.43382e+06
6e33d4bc,1.02715e+06
6e33d4c0,1.40852e+06
6e33d586,1.47666e+06
6e33d5aa,1.53635e+06
6e33d5b9,1.30851e+06
6e33d5e7,1.38798e+06
6e33d610,1.33782e+06
6e33d645,1.33899e+06
6e33d76d,1.34504e+06
6e33d78d,1.17377e+06
6e33d7b7,1.4751e+06
6e33d83a,1.04982e+06
6e33d892,1.38722e+06
6e33d8a1,1.3711e+06
6e33d8dc,1.44786e+06
6e33d918,1.1066e+06
6e33d94a,1.18304e+06
6e33d94d,1.227e+06
6e33d957,1.44892e+06
6e33d98e,1.24781e+06
6e33da57,1.15998e+06
6e33da63,1.39568e+06
6e33daa2,1.01823e+06
6e33dac7,1.10157e+06
6e33daf1,1.18198e+06
6e33db82,1.3844e+06
6e33dbb7,1.31339e+06
6e33dc02,1.47687e+06
6e33dc21,1.26329e+06
6e33dc3a,1.38003e+06
6e33dcbd,1.28653e+06
6e33dcde,1.16405e+06
6e33dd13,1.49198e+06
6e33dd16,1.14734e+06
6e33dd4a,1.41959e+06
6e33dd6b,1.33544e+06
6e33dd75,1.35136e+06
6e33dd7a,1.27247e+06
6e33ddc4,1.37589e+06
6e33de10,1.15577e+06
6e33de47,1.06614e+06
6e33df1f,1.26341e+06
6e33df82,1.50539e+06
6e33dfab,1.27867e+06
6e33dfae,1.4752e+06
6e33dfe1,1.21588e+06
6e33e02c,1.15434e+06
6e33e09f,1.16836e+06
6e33e107,1.26678e+06
6e33e10b,1.13523e+06
6e33e13a,1.33995e+06
6e33e19b,1.28346e+06
6e33e1a3,1.46906e+06
6e33e1e4,1.13514e+06
6e33e1fa,1.37211e+06
6e33e20c,1.39517e+06
6e33e214,1.38162e+06
6e33e22b,1.32584e+06
6e33e284,922335.0
6e33e28c,1.24559e+06
6e33e2ca,1.31181e+06
6e33e2d1,1.3063e+06
6e33e2dd,1.12675e+06
6e33e2f0,1.30418e+06
6e33e2f6,1.37026e+06
6e33e431,1.43879e+06
6e33e444,1.10192e+06
6e33e47a,1.05083e+06
6e33e48f,1.26176e+06
6e33e4b5,1.37282e+06
6e33e4d7,1.47963e+06
6e33e547,1.41803e+06
6e33e59b,1.21001e+06
6e33e5d3,1.31153e+06
6e33e5de,1.37876e+06
6e33e638,1.32873e+06
6e33e649,1.21879e+06
6e33e71c,1.40186e+06
6e33e777,897795.0
6e33e77d,1.06487e+06
6e33e795,1.41413e+06
6e33e7ba,1.12729e+06
6e33e7de,1.36807e+06
6e33e803,1.4075e+06
6e33e8ae,1.26073e+06
6e33e8c8,1.46569e+06
6e33e947,1.36466e+06
6e33e957,1.32973e+06
6e33e996,1.52531e+06
6e33eb44,841132.0
6e33ec01,1.36717e+06
6e33ec79,1.23742e+06
6e33ec85,1.39137e+06
6e33ec96,1.29154e+06
6e33ecac,1.28646e+06
6e33ecc1,1.20524e+06
6e33ece7,1.06832e+06
6e33ed1d,1.04424e+06
6e33ed71,1.47701e+06
6e33ed8c,1.40764e+06
6e33eda3,1.2755e+06
6e33eeba,1.20937e+06
6e33eef0,1.27027e+06
6e33ef05,1.25865e+06
6e33f01e,1.33419e+06
6e33f020,1.25601e+06
6e33f026,1.49523e+06
6e33f032,1.4145e+06
6e33f057,1.22004e+06
6e33f08d,1.18578e+06
6e33f0d8,1.09124e+06
6e33f0e6,1.47917e+06
6e33f102,1.22388e+06
6e33f13c,1.53844e+06
6e33f13f,1.40561e+06
6e33f17e,1.16914e+06
6e33f18b,1.4719e+06
6e33f1e1,1.27858e+06
6e33f255,1.49279e+06
6e33f263,1.48909e+06
6e33f379,1.4124e+06
6e33f3a8,1.24441e+06
6e33f3ac,1.50708e+06
6e33f3eb,1.14866e+06
6e33f3ef,1.53713e+06
6e33f3fc,1.18058e+06
6e33f404,1.10985e+06
6e33f41c,1.01873e+06
6e33f4d3,1.60163e+06
6e33f508,1.26741e+06
6e33f527,1.16644e+06
6e33f531,1.13672e+06
6e33f547,1.35341e+06
6e33f59b,1.16712e+06
6e33f5f1,1.38928e+06
6e33f61b,1.36444e+06
6e33f61d,1.00161e+06
6e33f625,1.18946e+06
6e33f714,1.28411e+06
6e33f72e,1.40961e+06
6e33f785,1.31516e+06
6e33f8f3,1.39338e+06
6e33f8f7,1.34033e+06
6e33f96a,1.29223e+06
6e33f979,1.49228e+06
6e33f9f4,1.43896e+06
6e33fa21,1.24248e+06
6e33fac9,1.19345e+06
6e33fae0,1.3059e+06
6e33fb95,1.33581e+06
6e33fbba,1.2497e+06
6e33fc08,1.43517e+06
6e33fcab,1.11896e+06
6e33fd0f,1.04962e+06
6e33fd9f,1.34617e+06
6e33fdc0,1.44647e+06
6e33fdcc,1.28025e+06
6e33fdf5,1.09938e+06
6e33fe2f,1.3016e+06
6e33fe65,1.32591e+06
6e33fe88,996791.0
6e33fe97,1.35887e+06
6e33feab,1.40128e+06
6e33fed3,1.35194e+06
6e33fee6,1.32363e+06
6e33fefa,1.01945e+06
6e33ff4e,1.267e+06
6e33ffc3,1.45205e+06
6e33fff8,1.63441e+06
6e340000,952262.0
6e340026,1.27506e+06
6e34004c,1.06955e+06
6e3400dd,1.32845e+06
6e34014c,1.42535e+06
6e340169,1.1389e+06
6e340195,1.52974e+06
6e34021b,959611.0
6e3402e0,1.07806e+06
6e34037e,1.3482e+06
6e340380,1.49652e+06
6e3403ae,1.4112e+06
6e34045e,1.29731e+06
6e34048e,1.56004e+06
6e3404b5,1.2785e+06
6e3404d9,1.12438e+06
6e3404fe,1.4241e+06
6e34050f,1.38537e+06
6e34053d,1.1843e+06
6e340543,1.29085e+06
6e340554,1.29515e+06
6e3405e4,1.13876e+06
6e34060a,1.46894e+06
6e340648,1.06174e+06
6e340657,1.243e+06
6e3406a9,1.39655e+06
6e33d0a0,1.24851e+06
6e33d0ac,1.39946e+06
6e33d0d5,1.45274e+06
6e33d0d7,816414.0
6e33d0e4,1.37527e+06
6e33d10b,1.49366e+06
6e33d11c,1.50463e+06
6e33d130,1.28452e+06
6e33d14e,1.03237e+06
6e33d15f,1.40963e+06
6e33d18b,1.46874e+06
6e33d19f,1.25335e+06
6e33d1b5,1.46239e+06
6e33d1bb,1.34782e+06
6e33d227,1.26445e+06
6e33d278,1.22119e+06
6e33d2a5,1.07125e+06
6e33d2c0,1.36575e+06
6e33d2f4,1.49049e+06
6e33d33e,1.42777e+06
6e33d3e6,1.28126e+06
6e33d3f3,1.45394e+06
6e33d478,1.02295e+06
6e33d48f,1.34935e+06
6e33d4cd,902948.0
6e33d4d6,1.46466e+06
6e33d5c4,1.30431e+06
6e33d651,1.26191e+06
6e33d67b,1.30057e+06
6e33d6ad,1.38511e+06
6e33d6f9,1.29294e+06
6e33d711,1.3133e+06
6e33d748,1.33213e+06
6e33d7ae,1.32012e+06
6e33d7be,1.3544e+06
6e33d89e,1.25152e+06
6e33d8c5,1.03925e+06
6e33d8ff,1.2081e+06
6e33d908,1.65132e+06
6e33d90e,1.35752e+06
6e33d996,925648.0
6e33d9b8,1.41982e+06
6e33d9bd,1.34074e+06
6e33da24,1.54946e+06
6e33da46,1.47924e+06
6e33da52,1.36925e+06
6e33da5e,1.35014e+06
6e33daaf,1.34403e+06
6e33db22,1.28653e+06
6e33db66,1.34726e+06
6e33db87,1.21417e+06
6e33dbcf,1.2042e+06
6e33dbdc,1.49598e+06
6e33dbf2,1.35359e+06
6e33dc3c,1.31828e+06
6e33dce6,1.21998e+06
6e33dd03,1.24556e+06
6e33dd0d,850196.0
6e33ddb1,1.36595e+06
6e33dde1,1.26363e+06
6e33de02,963762.0
6e33de18,1.24068e+06
6e33de56,1.59215e+06
6e33de70,1.27856e+06
6e33de97,1.45525e+06
6e33deaa,1.09889e+06
6e33dec4,1.54515e+06
6e33ded2,1.4005e+06
6e33df0f,1.39793e+06
6e33df54,1.35631e+06
6e33df88,1.29548e+06
6e33df8c,1.49975e+06
6e33e014,1.30694e+06
6e33e01d,1.29054e+06
6e33e034,1.00725e+06
6e33e088,1.38545e+06
6e33e08d,1.47245e+06
6e33e0ad,839005.0
6e33e0af,1.35779e+06
6e33e0dd,1.35224e+06
6e33e112,1.35294e+06
6e33e145,1.26152e+06
6e33e156,1.28642e+06
6e33e17f,1.27972e+06
6e33e1b8,1.30482e+06
6e33e250,1.3441e+06
6e33e329,1.35123e+06
6e33e39c,1.09752e+06
6e33e3a1,1.25679e+06
6e33e3b1,1.34812e+06
6e33e3b3,1.35021e+06
6e33e40f,1.35879e+06
6e33e440,1.53505e+06
6e33e467,1.39063e+06
6e33e46c,1.26006e+06
6e33e48d,1.46422e+06
6e33e4e9,1.22838e+06
6e33e4ef,1.50012e+06
6e33e4f5,1.20184e+06
6e33e528,1.32052e+06
6e33e563,1.35401e+06
6e33e6ce,1.16609e+06
6e33e729,938617.0
6e33e732,1.4244e+06
6e33e743,1.05325e+06
6e33e758,1.33542e+06
6e33e7b8,1.24481e+06
6e33e7d6,925845.0
6e33e7db,1.25757e+06
6e33e80d,1.10675e+06
6e33e84f,1.32914e+06
6e33e967,842112.0
6e33e977,1.2284e+06
6e33e9af,1.10002e+06
6e33ea4f,1.25231e+06
6e33eab6,1.21227e+06
6e33eafa,1.43475e+06
6e33eb0e,967163.0
6e33eb4f,1.38274e+06
6e33eb7b,1.12675e+06
6e33ebc7,1.41929e+06
6e33ebe1,1.07062e+06
6e33ebe3,1.19483e+06
6e33ec06,1.20012e+06
6e33ec2b,849199.0
6e33ec7d,1.30229e+06
6e33ec81,1.34624e+06
6e33eca3,1.35462e+06
6e33ecd0,1.42384e+06
6e33ecde,1.48834e+06
6e33ed9b,815524.0
6e33edb4,1.42102e+06
6e33ef23,1.37019e+06
6e33efbc,1.31387e+06
6e33efc1,1.02358e+06
6e33f07d,1.50906e+06
6e33f09a,1.27812e+06
6e33f0cc,1.18436e+06
6e33f14e,1.34486e+06
6e33f184,1.36959e+06
6e33f1ea,1.32656e+06
6e33f283,1.13622e+06
6e33f311,1.25338e+06
6e33f354,1.3538e+06
6e33f39c,1.26017e+06
6e33f3bb,1.11064e+06
6e33f3db,1.26714e+06
6e33f414,1.47334e+06
6e33f437,1.2467e+06
6e33f473,1.43949e+06
6e33f479,1.40904e+06
6e33f483,1.26191e+06
6e33f485,1.26172e+06
6e33f4ca,980180.0
6e33f4f8,1.28116e+06
6e33f53f,1.29808e+06
6e33f56e,1.33472e+06
6e33f59e,1.1064e+06
6e33f5f6,1.36957e+06
6e33f615,1.34612e+06
6e33f640,1.23559e+06
6e33f68f,1.47191e+06
6e33f6a6,1.04352e+06
6e33f6cd,1.36238e+06
6e33f729,1.46861e+06
6e33f74d,1.04855e+06
6e33f763,1.50206e+06
6e33f7b5,1.38141e+06
6e33f7d4,1.41928e+06
6e33f80d,1.19686e+06
6e33f824,1.34601e+06
6e33f885,1.36358e+06
6e33f88b,1.29661e+06
6e33f89b,1.20912e+06
6e33f8a5,1.39384e+06
6e33f8c3,1.34515e+06
6e33f8ea,1.44988e+06
6e33f918,1.52704e+06
6e33f942,1.38383e+06
6e33f970,1.26847e+06
6e33f997,1.19079e+06
6e33fa27,1.36497e+06
6e33fa82,1.31879e+06
6e33fafe,1.05932e+06
6e33fc46,1.25859e+06
6e33fc7b,1.07417e+06
6e33fccb,1.44476e+06
6e33fcf2,1.06574e+06
6e33fd49,1.12518e+06
6e33fd94,1.27045e+06
6e33fda2,1.31395e+06
6e33fdb1,1.19201e+06
6e33fde7,1.39016e+06
6e33fe7e,982471.0
6e33fe80,1.28181e+06
6e33fe8c,1.05642e+06
6e33feee,1.03494e+06
6e33ff32,1.51695e+06
6e33ff6e,1.40244e+06
6e33ff7c,1.39314e+06
6e33ffb2,1.41037e+06
6e33ffce,1.07628e+06
6e340031,1.19431e+06
6e3400bc,1.38592e+06
6e340107,1.36165e+06
6e340124,1.28566e+06
6e34012d,1.21749e+06
6e340140,1.22477e+06
6e340163,1.36444e+06
6e3401db,1.06726e+06
6e34025a,1.36636e+06
6e3402aa,1.2534e+06
6e3402da,1.33136e+06
6e3402f4,1.51126e+06
6e34031a,1.45507e+06
6e34032a,1.405e+06
6e340373,1.28595e+06
6e340379,1.02999e+06
6e3403c4,1.3952e+06
6e3403df,1.43983e+06
6e340401,1.12423e+06
6e34041f,1.04174e+06
6e340439,929512.0
6e34043e,1.3963e+06
6e340447,1.24243e+06
6e3404af,1.35675e+06
6e3404cf,1.36421e+06
6e34051b,1.30652e+06
6e340654,1.43556e+06
6e340694,1.31397e+06
6e33d037,1.45629e+06
6e33d043,1.3888e+06
6e33d049,1.26233e+06
6e33d04d,1.36247e+06
6e33d053,1.15283e+06
6e33d055,1.15026e+06
6e33d062,1.46824e+06
6e33d067,1.39982e+06
6e33d06b,1.23632e+06
6e33d075,1.21047e+06
6e33d07a,1.36624e+06
6e33d090,1.31253e+06
6e33d095,1.47158e+06
6e33d09a,1.12699e+06
6e33d0c2,1.34229e+06
6e33d0dc,1.51731e+06
6e33d0e2,1.36656e+06
6e33d0ee,1.41419e+06
6e33d0f4,1.20194e+06
6e33d0f8,1.37605e+06
6e33d0fd,1.51191e+06
6e33d110,1.06156e+06
6e33d117,1.54315e+06
6e33d136,1.42165e+06
6e33d147,1.37051e+06
6e33d151,955246.0
6e33d154,1.25299e+06
6e33d162,1.2671e+06
6e33d16d,1.19959e+06
6e33d17b,850672.0
6e33d181,1.3027e+06
6e33d186,1.31437e+06
6e33d197,1.48266e+06
6e33d1a3,1.26616e+06
6e33d1b9,1.30242e+06
6e33d1c4,1.41919e+06
6e33d1cb,1.53507e+06
6e33d1cd,1.295e+06
6e33d1d9,1.43446e+06
6e33d1e3,1.01925e+06
6e33d1e8,1.23825e+06
6e33d1ec,1.18255e+06
6e33d1f2,1.34544e+06
6e33d1f6,1.27878e+06
6e33d1fa,1.32759e+06
6e33d209,1.55534e+06
6e33d21d,1.11921e+06
6e33d22e,1.3197e+06
6e33d230,1.17823e+06
6e33d244,1.35048e+06
6e33d247,1.31608e+06
6e33d25c,1.2925e+06
6e33d26b,1.4213e+06
6e33d274,1.30791e+06
6e33d28a,1.41616e+06
6e33d298,1.53807e+06
6e33d2ab,1.26726e+06
6e33d2b1,1.21116e+06
6e33d2c4,1.0852e+06
6e33d2d0,1.14571e+06
6e33d2db,1.45068e+06
6e33d2e1,1.24453e+06
6e33d2ea,1.05335e+06
6e33d2fa,1.22431e+06
6e33d2fe,1.25089e+06
6e33d309,1.30893e+06
6e33d314,1.23435e+06
6e33d31e,1.17446e+06
6e33d320,1.12436e+06
6e33d326,1.33424e+06
6e33d344,1.29647e+06
6e33d368,1.47505e+06
6e33d36e,1.53188e+06
6e33d376,1.11064e+06
6e33d381,1.45236e+06
6e33d38b,1.17202e+06
6e33d38d,1.48652e+06
6e33d38f,902570.0
6e33d393,1.29576e+06
6e33d399,1.25806e+06
6e33d3a2,1.4318e+06
6e33d3af,1.22611e+06
6e33d3cf,1.15804e+06
6e33d3d2,1.33155e+06
6e33d3d8,1.4624e+06
6e33d3ee,1.4376e+06
6e33d416,1.41567e+06
6e33d419,1.29655e+06
6e33d429,1.62196e+06
6e33d433,1.37846e+06
6e33d443,1.08237e+06
6e33d45f,1.40948e+06
6e33d461,1.13496e+06
6e33d46c,1.24983e+06
6e33d471,1.20852e+06
6e33d47c,1.4388e+06
6e33d47e,1.22293e+06
6e33d496,1.0717e+06
6e33d49b,1.11726e+06
6e33d4ad,1.58085e+06
6e33d4b3,1.14284e+06
6e33d4c4,1.1621e+06
6e33d4df,1.46246e+06
6e33d4f1,1.20398e+06
6e33d4fb,1.19023e+06
6e33d508,1.5371e+06
6e33d513,1.4642e+06
6e33d517,1.34838e+06
6e33d521,1.25613e+06
6e33d527,1.34594e+06
6e33d52e,1.28994e+06
6e33d536,1.28075e+06
6e33d560,1.18722e+06
6e33d56f,1.33234e+06
6e33d573,1.03598e+06
6e33d578,1.6464e+06
6e33d57a,1.37189e+06
6e33d57d,1.45464e+06
6e33d589,1.07031e+06
6e33d598,1.28379e+06
6e33d5a5,1.45391e+06
6e33d5ad,1.45521e+06
6e33d5b2,1.28819e+06
6e33d5bf,1.40032e+06
6e33d5ce,1.45116e+06
6e33d5d4,1.23211e+06
6e33d5e2,1.3052e+06
6e33d5e5,1.28594e+06
6e33d607,1.51614e+06
6e33d60d,1.25932e+06
6e33d61c,1.3887e+06
6e33d623,771710.0
6e33d626,1.39184e+06
6e33d62e,1.01625e+06
6e33d634,1.43096e+06
6e33d637,1.10319e+06
6e33d63d,1.42817e+06
6e33d64a,1.51293e+06
6e33d64e,1.43298e+06
6e33d673,1.27838e+06
6e33d681,1.42223e+06
6e33d685,1.47693e+06
6e33d687,1.22633e+06
6e33d68d,1.52263e+06
6e33d68f,1.22026e+06
6e33d6a2,1.08382e+06
6e33d6af,1.30125e+06
6e33d6b5,1.45156e+06
6e33d6c0,1.34325e+06
6e33d6cd,899382.0
6e33d6d3,1.29459e+06
6e33d6d6,1.40496e+06
6e33d6db,1.30927e+06
6e33d6e6,1.53992e+06
6e33d6ee,1.40411e+06
6e33d6f4,1.34119e+06
6e33d6fb,1.23429e+06
6e33d701,1.35234e+06
6e33d717,1.35054e+06
6e33d719,978484.0
6e33d729,1.184e+06
6e33d72e,1.35245e+06
6e33d744,1.40337e+06
6e33d756,1.13716e+06
6e33d761,1.47079e+06
6e33d76f,1.27765e+06
6e33d773,1.51367e+06
6e33d778,1.42545e+06
6e33d77e,1.38738e+06
6e33d797,1.34336e+06
6e33d79c,1.31435e+06
6e33d7a6,1.20648e+06
6e33d7c3,1.39867e+06
6e33d7e5,1.29735e+06
6e33d7e9,1.43359e+06
6e33d7ec,1.39849e+06
6e33d7ee,1.36978e+06
6e33d7f4,849592.0
6e33d7f7,1.26588e+06
6e33d801,1.31e+06
6e33d80a,1.19765e+06
6e33d80c,1.20613e+06
6e33d822,1.25396e+06
6e33d827,1.35105e+06
6e33d829,1.3546e+06
6e33d82f,1.10124e+06
6e33d842,1.20633e+06
6e33d846,1.31329e+06
6e33d84d,1.29892e+06
6e33d851,1.22737e+06
6e33d856,1.17533e+06
6e33d85f,1.47982e+06
6e33d869,1.27607e+06
6e33d86b,1.24872e+06
6e33d86f,1.36981e+06
6e33d873,1.42762e+06
6e33d87b,1.29829e+06
6e33d87f,1.33466e+06
6e33d89b,1.27494e+06
6e33d8a3,1.05001e+06
6e33d8a6,1.54947e+06
6e33d8ab,968345.0
6e33d8bf,1.38503e+06
6e33d8d2,1.37682e+06
6e33d8d4,1.34665e+06
6e33d8d6,1.21377e+06
6e33d8ed,1.12511e+06
6e33d8f3,1.40367e+06
6e33d90a,1.18238e+06
6e33d911,1.28144e+06
6e33d934,1.11293e+06
6e33d938,1.20879e+06
6e33d94f,1.46505e+06
6e33d95d,1.61446e+06
6e33d964,1.21596e+06
6e33d967,1.4943e+06
6e33d96b,1.26153e+06
6e33d970,1.40786e+06
6e33d978,1.38748e+06
6e33d97e,1.0107e+06
6e33d985,982354.0
6e33d991,1.29702e+06
6e33d9a4,1.41663e+06
6e33d9aa,987076.0
6e33d9af,1.30325e+06
6e33d9b5,1.43197e+06
6e33d9c2,1.539e+06
6e33d9ce,1.08422e+06
6e33d9eb,1.19167e+06
6e33d9f6,923231.0
6e33da06,1.42271e+06
6e33da08,1.36257e+06
6e33da0c,1.16134e+06
6e33da12,1.18726e+06
6e33da18,1.31061e+06
6e33da1e,1.47076e+06
6e33da49,1.10367e+06
6e33da4e,1.49073e+06
6e33da60,948565.0
6e33da65,1.29492e+06
6e33da75,1.14746e+06
6e33da81,1.08305e+06
6e33da93,1.45613e+06
6e33da9c,1.40492e+06
6e33daa9,1.14696e+06
6e33dab3,1.38371e+06
6e33dab8,1.2618e+06
6e33dabc,1.32465e+06
6e33dabe,1.31833e+06
6e33dac1,991501.0
6e33dad7,967683.0
6e33daef,1.2816e+06
6e33daf4,1.35565e+06
6e33daf9,1.2767e+06
6e33dafb,1.25694e+06
6e33db06,1.14927e+06
6e33db12,1.29206e+06
6e33db18,1.55971e+06
6e33db2a,1.30908e+06
6e33db2e,1.46335e+06
6e33db38,1.22888e+06
6e33db41,1.45706e+06
6e33db49,1.00065e+06
6e33db4b,1.44636e+06
6e33db54,1.42446e+06
6e33db58,1.09146e+06
6e33db5b,1.17712e+06
6e33db64,1.11335e+06
6e33db6a,1.28982e+06
6e33db6e,1.36091e+06
6e33db71,1.47678e+06
6e33db98,1.47863e+06
6e33db9c,1.47116e+06
6e33dba0,1.54797e+06
6e33dbaf,1.48094e+06
6e33dbbd,1.01771e+06
6e33dbbf,1.47992e+06
6e33dbc5,1.08478e+06
6e33dbd8,1.64213e+06
6e33dbf7,1.22194e+06
6e33dc06,1.36794e+06
6e33dc0b,1.20178e+06
6e33dc0e,1.39676e+06
6e33dc1d,1.45895e+06
6e33dc23,1.27579e+06
6e33dc28,979266.0
6e33dc2a,1.38156e+06
6e33dc32,1.32841e+06
6e33dc38,1.36095e+06
6e33dc41,1.50737e+06
6e33dc47,1.04646e+06
6e33dc4d,1.17231e+06
6e33dc52,1.29108e+06
6e33dc57,1.43551e+06
6e33dc6b,1.4293e+06
6e33dc84,1.16503e+06
6e33dc89,1.36808e+06
6e33dc8e,1.50793e+06
6e33dcae,1.35757e+06
6e33dcc2,1.36704e+06
6e33dcc8,956113.0
6e33dccd,1.5402e+06
6e33dcd2,1.06203e+06
6e33dce9,1.19605e+06
6e33dced,1.43182e+06
6e33dcf2,1.44746e+06
6e33dd07,1.43755e+06
6e33dd0f,1.19443e+06
6e33dd11,1.35027e+06
6e33dd1b,1.34003e+06
6e33dd28,983096.0
6e33dd2e,1.30402e+06
6e33dd32,1.20774e+06
6e33dd3a,1.09396e+06
6e33dd45,1.30423e+06
6e33dd50,1.23366e+06
6e33dd52,1.43026e+06
6e33dd58,1.44946e+06
6e33dd63,1.52735e+06
6e33dd6f,1.2496e+06
6e33dd84,1.41236e+06
6e33dd86,1.41054e+06
6e33dd8a,1.44343e+06
6e33dd8e,1.28657e+06
6e33dd92,1.14129e+06
6e33dd95,1.31463e+06
6e33dda6,1.04395e+06
6e33dda9,1.45277e+06
6e33ddab,1.44532e+06
6e33ddb8,1.52453e+06
6e33ddc2,888076.0
6e33ddca,1.39481e+06
6e33ddce,1.4188e+06
6e33ddd5,1.5573e+06
6e33ddf6,1.38165e+06
6e33de04,1.12853e+06
6e33de16,1.36116e+06
6e33de1d,1.35136e+06
6e33de2a,1.36968e+06
6e33de35,1.35447e+06
6e33de3a,1.39213e+06
6e33de3e,1.42997e+06
6e33de4b,1.63076e+06
6e33de58,1.02917e+06
6e33de5a,1.34427e+06
6e33de65,1.41805e+06
6e33de6a,1.23134e+06
6e33de6e,1.32153e+06
6e33de76,1.34907e+06
6e33de80,1.50347e+06
6e33de85,1.43365e+06
6e33de8e,1.42275e+06
6e33dea1,1.35518e+06
6e33dea8,1.00495e+06
6e33dead,1.16061e+06
6e33deb3,1.40542e+06
6e33deb9,1.13189e+06
6e33ded7,1.46575e+06
6e33dee2,1.27967e+06
6e33dee6,1.12775e+06
6e33defc,1.34292e+06
6e33df14,1.52132e+06
6e33df25,1.42818e+06
6e33df2e,1.33489e+06
6e33df33,1.41161e+06
6e33df45,940727.0
6e33df4a,1.36317e+06
6e33df4e,1.45247e+06
6e33df62,1.32199e+06
6e33df6d,1.21105e+06
6e33df77,1.1915e+06
6e33df85,1.28021e+06
6e33df92,1.23794e+06
6e33df9e,1.48785e+06
6e33dfb8,1.43841e+06
6e33dfc4,1.30892e+06
6e33dfdd,1.14697e+06
6e33dfe3,1.06335e+06
6e33dfeb,1.31994e+06
6e33dfee,945885.0
6e33e000,1.42034e+06
6e33e023,1.38803e+06
6e33e027,1.29494e+06
6e33e02a,1.28894e+06
6e33e032,1.48493e+06
6e33e03c,1.41454e+06
6e33e041,1.20907e+06
6e33e049,1.55958e+06
6e33e04c,1.27783e+06
6e33e04e,1.294e+06
6e33e060,1.2803e+06
6e33e065,1.21259e+06
6e33e06a,1.14499e+06
6e33e06c,1.4191e+06
6e33e075,1.45133e+06
6e33e082,1.20489e+06
6e33e0a9,1.22728e+06
6e33e0e7,1.27772e+06
6e33e0fb,1.4804e+06
6e33e100,923138.0
6e33e10e,1.37347e+06
6e33e121,1.47582e+06
6e33e12a,1.21441e+06
6e33e134,974701.0
6e33e158,996825.0
6e33e15c,1.58361e+06
6e33e164,1.40202e+06
6e33e16f,1.293e+06
6e33e17d,1.13022e+06
6e33e184,1.45297e+06
6e33e189,1.44547e+06
6e33e190,1.29155e+06
6e33e195,1.21914e+06
6e33e1a1,1.21513e+06
6e33e1b3,1.26133e+06
6e33e1bb,723932.0
6e33e1c3,1.37249e+06
6e33e1c9,1.42433e+06
6e33e1cc,1.49004e+06
6e33e1d4,1.42324e+06
6e33e1e0,1.11747e+06
6e33e1e6,1.19862e+06
6e33e1eb,1.20859e+06
6e33e1f0,1.42752e+06
6e33e203,1.34921e+06
6e33e218,1.24333e+06
6e33e229,1.36044e+06
6e33e231,1.45591e+06
6e33e241,1.35618e+06
6e33e254,1.03631e+06
6e33e262,1.43475e+06
6e33e26d,1.38398e+06
6e33e27e,1.36819e+06
6e33e28a,1.28712e+06
6e33e299,1.30894e+06
6e33e29f,887889.0
6e33e2c6,1.06039e+06
6e33e2e5,1.04791e+06
6e33e2f9,1.08696e+06
6e33e302,1.49822e+06
6e33e30b,1.08856e+06
6e33e310,1.46173e+06
6e33e319,1.18651e+06
6e33e31c,1.4118e+06
6e33e32e,1.55989e+06
6e33e333,852374.0
6e33e33f,1.56588e+06
6e33e344,1.32173e+06
6e33e347,929931.0
6e33e34c,1.10862e+06
6e33e357,1.43847e+06
6e33e361,1.10757e+06
6e33e365,1.55375e+06
6e33e36d,1.53968e+06
6e33e373,1.48957e+06
6e33e378,1.31769e+06
6e33e37f,1.35534e+06
6e33e38f,944746.0
6e33e395,1.34237e+06
6e33e3bf,1.38581e+06
6e33e3d2,1.41448e+06
6e33e3dd,1.00383e+06
6e33e3e8,1.13171e+06
6e33e3f1,1.43744e+06
6e33e3f7,1.35219e+06
6e33e411,1.32418e+06
6e33e421,1.05586e+06
6e33e42b,1.48833e+06
6e33e42d,1.09051e+06
6e33e42f,1.47888e+06
6e33e437,1.28961e+06
6e33e44d,1.42709e+06
6e33e453,1.37228e+06
6e33e458,1.2201e+06
6e33e46f,1.41715e+06
6e33e473,1.22177e+06
6e33e47f,959539.0
6e33e485,1.38683e+06
6e33e4a9,1.09191e+06
6e33e4ad,1.32944e+06
6e33e4b1,1.42494e+06
6e33e4c8,1.14468e+06
6e33e4db,1.25964e+06
6e33e4e1,1.27398e+06
6e33e4e3,1.29318e+06
6e33e4fb,1.2568e+06
6e33e4ff,1.31364e+06
6e33e505,1.49001e+06
6e33e516,1.45166e+06
6e33e51a,1.56796e+06
6e33e533,1.1155e+06
6e33e535,1.34749e+06
6e33e53b,1.52173e+06
6e33e542,1.00753e+06
6e33e549,972585.0
6e33e568,1.12198e+06
6e33e56a,1.25538e+06
6e33e56e,1.1593e+06
6e33e57b,1.25813e+06
6e33e583,1.57318e+06
6e33e587,1.17722e+06
6e33e596,1.57926e+06
6e33e59e,1.42007e+06
6e33e5a2,1.40043e+06
6e33e5a8,1.35225e+06
6e33e5ad,1.07797e+06
6e33e5bd,1.15978e+06
6e33e5c9,1.31025e+06
6e33e5d8,1.17999e+06
6e33e5e3,1.43836e+06
6e33e5e8,1.07544e+06
6e33e5f4,1.00583e+06
6e33e5fc,1.17792e+06
6e33e606,1.10615e+06
6e33e60c,1.30248e+06
6e33e61c,1.5601e+06
6e33e622,1.46427e+06
6e33e628,1.131e+06
6e33e644,1.43828e+06
6e33e64e,846567.0
6e33e650,1.37694e+06
6e33e65d,1.40047e+06
6e33e667,1.49977e+06
6e33e673,1.21289e+06
6e33e67d,1.3353e+06
6e33e684,1.57705e+06
6e33e6a1,1.47623e+06
6e33e6a6,1.50368e+06
6e33e6ad,1.06152e+06
6e33e6c0,990884.0
6e33e6c4,1.39078e+06
6e33e6c6,1.43247e+06
6e33e6c9,1.32675e+06
6e33e6dd,1.52231e+06
6e33e6fd,1.28661e+06
6e33e702,1.4302e+06
6e33e70d,1.1512e+06
6e33e720,1.20467e+06
6e33e723,877212.0
6e33e736,1.08864e+06
6e33e73b,1.42937e+06
6e33e73f,1.0709e+06
6e33e769,1.18269e+06
6e33e76d,1.64705e+06
6e33e773,1.09214e+06
6e33e786,1.13053e+06
6e33e78a,1.46625e+06
6e33e79c,1.07049e+06
6e33e7a1,1.38824e+06
6e33e7a4,1.46614e+06
6e33e7a7,970363.0
6e33e7ae,1.3382e+06
6e33e7be,916977.0
6e33e7c5,1.15539e+06
6e33e7cb,1.46514e+06
6e33e7cf,942238.0
6e33e7d8,885889.0
6e33e7e9,1.00144e+06
6e33e7f3,1.14804e+06
6e33e809,1.45283e+06
6e33e80b,1.5532e+06
6e33e812,1.36579e+06
6e33e814,1.37442e+06
6e33e81a,1.36532e+06
6e33e82c,1.27359e+06
6e33e841,1.46131e+06
6e33e849,1.45314e+06
6e33e868,1.12568e+06
6e33e874,1.25004e+06
6e33e87d,840856.0
6e33e882,1.39117e+06
6e33e886,1.26828e+06
6e33e88a,1.49469e+06
6e33e88e,1.20841e+06
6e33e89a,1.19798e+06
6e33e89f,1.38758e+06
6e33e8a4,1.41572e+06
6e33e8b2,1.26488e+06
6e33e8b8,1.30011e+06
6e33e8bf,1.31742e+06
6e33e8d0,1.36671e+06
6e33e8d7,1.39873e+06
6e33e8dd,1.1449e+06
6e33e8df,1.45346e+06
6e33e8ec,1.42455e+06
6e33e8ff,1.53995e+06
6e33e90c,1.4019e+06
6e33e916,1.33985e+06
6e33e91f,1.31604e+06
6e33e934,977434.0
6e33e94c,1.04813e+06
6e33e95f,1.30096e+06
6e33e963,1.43107e+06
6e33e96a,1.16892e+06
6e33e96e,1.32088e+06
6e33e97c,1.28239e+06
6e33e982,1.53044e+06
6e33e9a0,1.47782e+06
6e33e9b2,1.52728e+06
6e33e9bd,1.5703e+06
6e33e9cc,1.22048e+06
6e33e9d2,1.21515e+06
6e33e9db,1.46165e+06
6e33e9e2,1.44805e+06
6e33e9e5,1.28047e+06
6e33e9ea,1.16501e+06
6e33ea03,1.35262e+06
6e33ea1b,1.36475e+06
6e33ea25,1.37273e+06
6e33ea4a,1.55628e+06
6e33ea6e,1.22409e+06
6e33ea72,1.44772e+06
6e33ea78,1.5482e+06
6e33ea7a,1.26686e+06
6e33ea7e,1.09441e+06
6e33ea87,1.22044e+06
6e33ea8f,1.07029e+06
6e33ea9f,1.43875e+06
6e33eaa1,1.47393e+06
6e33eaa3,1.26183e+06
6e33eaae,1.16656e+06
6e33eacb,1.42238e+06
6e33eacd,1.06025e+06
6e33eae0,1.35187e+06
6e33eaef,1.38671e+06
6e33eaf5,1.57142e+06
6e33eaff,1.45241e+06
6e33eb01,1.48492e+06
6e33eb10,1.14059e+06
6e33eb16,1.2359e+06
6e33eb1d,1.15092e+06
6e33eb28,1.50395e+06
6e33eb2c,1.47699e+06
6e33eb3c,1.22145e+06
6e33eb66,1.38031e+06
6e33eb68,1.50733e+06
6e33eb82,1.44622e+06
6e33eb8a,1.36391e+06
6e33eb8d,1.16643e+06
6e33eb96,1.34482e+06
6e33eb98,1.35794e+06
6e33eba1,879262.0
6e33eba3,1.26377e+06
6e33eba9,999930.0
6e33ebb7,1.19639e+06
6e33ebb9,1.32295e+06
6e33ebc0,1.32256e+06
6e33ebd2,1.31893e+06
6e33ebd6,1.36317e+06
6e33ebdb,1.43415e+06
6e33ebe9,1.27581e+06
6e33ebfd,1.1078e+06
6e33ec0d,1.25639e+06
6e33ec12,1.24677e+06
6e33ec1f,1.39753e+06
6e33ec25,1.4996e+06
6e33ec2f,1.04413e+06
6e33ec35,1.38724e+06
6e33ec39,1.14237e+06
6e33ec3d,1.54474e+06
6e33ec54,1.4294e+06
6e33ec59,1.47876e+06
6e33ec5c,1.27865e+06
6e33ec5e,1.40518e+06
6e33ec63,1.36116e+06
6e33ec69,1.23484e+06
6e33ec71,1.30811e+06
6e33ec73,1.18987e+06
6e33ec8d,1.41211e+06
6e33eca1,1.23284e+06
6e33ecaf,1.13269e+06
6e33ecb8,1.46968e+06
6e33ecc7,1.01256e+06
6e33eccd,1.36675e+06
6e33ecd6,1.41781e+06
6e33ece1,1.41554e+06
6e33ecea,1.35561e+06
6e33ecf2,1.52472e+06
6e33ed0a,1.39922e+06
6e33ed1f,1.53089e+06
6e33ed26,1.33952e+06
6e33ed2c,1.38906e+06
6e33ed42,1.38536e+06
6e33ed48,1.10303e+06
6e33ed5a,1.34892e+06
6e33ed5e,1.24777e+06
6e33ed64,1.43716e+06
6e33ed66,1.40983e+06
6e33ed69,1.49017e+06
6e33ed6d,1.32881e+06
6e33ed75,1.48881e+06
6e33ed91,1.48284e+06
6e33ed93,1.2382e+06
6e33edd5,1.42285e+06
6e33edd8,1.47258e+06
6e33eddb,1.40787e+06
6e33ede0,1.14939e+06
6e33ede6,1.16694e+06
6e33edf9,1.3478e+06
6e33ee0b,1.33579e+06
6e33ee13,1.25436e+06
6e33ee17,1.19046e+06
6e33ee25,1.23344e+06
6e33ee2f,1.45924e+06
6e33ee5b,1.42082e+06
6e33ee6b,1.41422e+06
6e33ee70,1.37367e+06
6e33ee84,1.49718e+06
6e33ee93,1.12051e+06
6e33ee97,1.05452e+06
6e33ee9a,1.45809e+06
6e33eeb7,1.5686e+06
6e33eec0,1.49833e+06
6e33eecc,1.13868e+06
6e33eed2,1.34868e+06
6e33eed7,1.38042e+06
6e33eee6,796448.0
6e33eeec,1.05518e+06
6e33ef10,1.17743e+06
6e33ef1f,1.1348e+06
6e33ef21,1.39445e+06
6e33ef29,1.41228e+06
6e33ef2d,1.43235e+06
6e33ef33,1.06771e+06
6e33ef35,1.34071e+06
6e33ef3a,955796.0
6e33ef3f,1.08207e+06
6e33ef43,1.32351e+06
6e33ef59,1.39117e+06
6e33ef5b,1.2942e+06
6e33ef5f,1.3863e+06
6e33ef6c,1.4032e+06
6e33ef75,1.20894e+06
6e33ef8a,1.24464e+06
6e33ef9e,1.42092e+06
6e33efa1,1.49687e+06
6e33efa7,1.40361e+06
6e33efa9,905524.0
6e33efad,1.42329e+06
6e33efb1,1.2538e+06
6e33efb6,1.31854e+06
6e33efcf,1.1079e+06
6e33efd4,1.30008e+06
6e33efea,1.21112e+06
6e33f002,1.32442e+06
6e33f00a,1.26157e+06
6e33f010,1.36128e+06
6e33f01a,955834.0
6e33f02d,1.26736e+06
6e33f034,1.55496e+06
6e33f03a,1.45796e+06
6e33f040,1.39935e+06
6e33f043,1.46681e+06
6e33f048,1.42676e+06
6e33f04f,1.01964e+06
6e33f054,1.61093e+06
6e33f05c,1.5825e+06
6e33f062,1.57792e+06
6e33f070,1.10711e+06
6e33f082,1.07008e+06
6e33f09d,1.15743e+06
6e33f0a0,1.28425e+06
6e33f0a2,1.35763e+06
6e33f0b6,1.44669e+06
6e33f0bd,1.01316e+06
6e33f0c2,1.37094e+06
6e33f0d4,1.2289e+06
6e33f0e3,1.54772e+06
6e33f0f2,1.32126e+06
6e33f0f6,979461.0
6e33f113,1.34976e+06
6e33f116,1.47797e+06
6e33f12a,1.54431e+06
6e33f13a,1.24476e+06
6e33f146,1.03409e+06
6e33f15b,1.33176e+06
6e33f160,1.08164e+06
6e33f166,1.4274e+06
6e33f16c,1.4082e+06
6e33f16e,1.20464e+06
6e33f172,945207.0
6e33f175,1.24669e+06
6e33f188,1.51606e+06
6e33f18d,1.17332e+06
6e33f1af,1.31905e+06
6e33f1b4,1.04718e+06
6e33f1c2,1.25959e+06
6e33f1c4,1.45075e+06
6e33f1c9,1.12725e+06
6e33f1de,1.39941e+06
6e33f1ee,1.19065e+06
6e33f1f0,970171.0
6e33f1f6,1.27358e+06
6e33f1fc,1.14111e+06
6e33f202,1.2974e+06
6e33f212,1.44807e+06
6e33f222,1.39169e+06
6e33f22c,1.43386e+06
6e33f23e,1.17177e+06
6e33f242,1.15535e+06
6e33f245,1.49246e+06
6e33f24d,1.35313e+06
6e33f271,1.26989e+06
6e33f273,1.46659e+06
6e33f27d,1.52025e+06
6e33f288,1.18405e+06
6e33f290,1.45204e+06
6e33f296,1.32212e+06
6e33f29f,1.41625e+06
6e33f2b3,1.49081e+06
6e33f2b9,1.0178e+06
6e33f2bd,1.30079e+06
6e33f2c2,1.34307e+06
6e33f2d6,1.10563e+06
6e33f2e9,1.44594e+06
6e33f2f4,1.42266e+06
6e33f2f7,1.27277e+06
6e33f30d,1.42606e+06
6e33f315,1.40893e+06
6e33f318,1.33079e+06
6e33f327,1.40136e+06
6e33f334,1.33639e+06
6e33f338,1.33824e+06
6e33f341,1.5534e+06
6e33f346,1.58042e+06
6e33f34e,1.34881e+06
6e33f35c,1.22642e+06
6e33f366,1.30939e+06
6e33f385,984056.0
6e33f391,1.36976e+06
6e33f396,1.41278e+06
6e33f3a1,1.01612e+06
6e33f3b2,1.38067e+06
6e33f3b8,1.48e+06
6e33f3cb,1.11235e+06
6e33f3ce,1.11525e+06
6e33f3e3,1.45664e+06
6e33f3ff,1.5687e+06
6e33f407,1.38019e+06
6e33f40b,1.57079e+06
6e33f41a,841021.0
6e33f421,1.01324e+06
6e33f425,1.28267e+06
6e33f42c,1.5953e+06
6e33f43a,1.3124e+06
6e33f442,1.0822e+06
6e33f445,1.07787e+06
6e33f461,1.36943e+06
6e33f468,1.30809e+06
6e33f46e,1.12378e+06
6e33f476,1.47792e+06
6e33f47b,1.15008e+06
6e33f481,1.42067e+06
6e33f496,1.42356e+06
6e33f49c,1.19181e+06
6e33f49e,1.39899e+06
6e33f4a5,1.13475e+06
6e33f4a8,1.36142e+06
6e33f4ae,1.00979e+06
6e33f4b9,1.4438e+06
6e33f4c7,1.3029e+06
6e33f4cc,1.33151e+06
6e33f4dc,1.46151e+06
6e33f4fc,1.24467e+06
6e33f50b,1.28434e+06
6e33f511,1.21106e+06
6e33f51b,1.2222e+06
6e33f51f,1.43506e+06
6e33f524,1.19319e+06
6e33f52a,1.42321e+06
6e33f52c,1.46897e+06
6e33f537,1.23023e+06
6e33f543,1.37637e+06
6e33f54c,1.55615e+06
6e33f563,1.13315e+06
6e33f565,1.33959e+06
6e33f570,1.22626e+06
6e33f574,1.55554e+06
6e33f57f,1.23659e+06
6e33f58d,1.4388e+06
6e33f5a4,1.52969e+06
6e33f5c8,1.50124e+06
6e33f5cd,1.23546e+06
6e33f5d4,1.29694e+06
6e33f5d7,1.49558e+06
6e33f5de,1.36202e+06
6e33f5e0,1.34077e+06
6e33f5fc,1.46247e+06
6e33f5ff,1.01112e+06
6e33f606,1.23694e+06
6e33f620,1.07942e+06
6e33f62d,1.15436e+06
6e33f636,1.16336e+06
6e33f63c,1.32268e+06
6e33f63e,1.37485e+06
6e33f655,1.22127e+06
6e33f659,1.27686e+06
6e33f65c,1.44351e+06
6e33f669,1.25795e+06
6e33f670,1.02182e+06
6e33f679,1.49198e+06
6e33f67c,1.46597e+06
6e33f684,1.50686e+06
6e33f69c,1.4424e+06
6e33f6a0,985880.0
6e33f6a8,1.57797e+06
6e33f6b3,1.02288e+06
6e33f6bf,1.49906e+06
6e33f6cb,1.04405e+06
6e33f6d0,1.17598e+06
6e33f6d3,1.35085e+06
6e33f6e6,1.19349e+06
6e33f6e9,1.44477e+06
6e33f704,1.17248e+06
6e33f709,1.39498e+06
6e33f712,1.30959e+06
6e33f724,1.34928e+06
6e33f738,1.1981e+06
6e33f73a,1.38526e+06
6e33f740,1.37311e+06
6e33f755,1.27953e+06
6e33f758,1.51381e+06
6e33f75a,1.28255e+06
6e33f761,1.25385e+06
6e33f771,1.55841e+06
6e33f77b,1.24328e+06
6e33f787,1.31805e+06
6e33f790,1.3369e+06
6e33f793,1.59592e+06
6e33f797,1.35072e+06
6e33f79a,1.13809e+06
6e33f7a6,1.28332e+06
6e33f7ad,1.42005e+06
6e33f7b7,1.23071e+06
6e33f7bc,1.39063e+06
6e33f7d2,1.10371e+06
6e33f7e4,1.20231e+06
6e33f7e9,1.31096e+06
6e33f7f4,1.29851e+06
6e33f7f8,1.02165e+06
6e33f81e,1.26089e+06
6e33f82b,1.40855e+06
6e33f830,1.44365e+06
6e33f835,971495.0
6e33f843,991392.0
6e33f84e,1.28595e+06
6e33f864,1.52237e+06
6e33f868,1.16892e+06
6e33f875,1.54869e+06
6e33f877,1.41039e+06
6e33f87f,1.42272e+06
6e33f88f,1.46579e+06
6e33f891,1.41399e+06
6e33f899,1.38016e+06
6e33f8a0,1.29781e+06
6e33f8b4,1.26852e+06
6e33f8c6,1.49482e+06
6e33f8cc,1.65126e+06
6e33f8d7,1.51575e+06
6e33f8da,1.35951e+06
6e33f8df,1.33922e+06
6e33f8e2,1.52612e+06
6e33f8f0,1.43268e+06
6e33f8f9,1.4395e+06
6e33f8fb,1.19731e+06
6e33f8fe,1.32472e+06
6e33f902,1.13301e+06
6e33f90e,1.25056e+06
6e33f914,1.25848e+06
6e33f921,1.11302e+06
6e33f923,1.50074e+06
6e33f926,828994.0
6e33f949,1.31033e+06
6e33f952,1.22453e+06
6e33f957,998652.0
6e33f95d,1.48775e+06
6e33f964,1.28527e+06
6e33f974,1.46892e+06
6e33f97d,1.42448e+06
6e33f985,1.41342e+06
6e33f98b,942025.0
6e33f9a7,1.46624e+06
6e33f9bf,1.40494e+06
6e33f9c1,1.30048e+06
6e33f9c9,1.30809e+06
6e33f9d0,1.55281e+06
6e33f9d5,1.09159e+06
6e33f9de,1.43024e+06
6e33f9e1,1.19884e+06
6e33f9e6,1.52137e+06
6e33f9ea,1.44365e+06
6e33f9f0,1.24806e+06
6e33f9f6,1.23003e+06
6e33fa01,1.39654e+06
6e33fa06,1.45816e+06
6e33fa18,1.47317e+06
6e33fa33,1.38803e+06
6e33fa41,1.38199e+06
6e33fa4c,1.32123e+06
6e33fa5b,1.04579e+06
6e33fa5f,1.16195e+06
6e33fa67,1.30696e+06
6e33fa75,1.40655e+06
6e33fa7f,1.33539e+06
6e33fa8d,1.28767e+06
6e33fa93,1.31109e+06
6e33faa2,1.41267e+06
6e33faaa,963427.0
6e33fab0,1.42657e+06
6e33fac3,1.01473e+06
6e33face,1.37585e+06
6e33faf1,1.3414e+06
6e33faf8,1.3099e+06
6e33fb06,1.3076e+06
6e33fb0c,703243.0
6e33fb14,1.26682e+06
6e33fb1c,1.36104e+06
6e33fb20,1.49235e+06
6e33fb28,1.47839e+06
6e33fb2e,1.23834e+06
6e33fb40,1.15468e+06
6e33fb4a,1.39888e+06
6e33fb4e,1.17391e+06
6e33fb50,1.40039e+06
6e33fb5a,1.43206e+06
6e33fb6c,1.47258e+06
6e33fb70,1.4749e+06
6e33fb89,1.1674e+06
6e33fb8d,1.33416e+06
6e33fb97,1.22516e+06
6e33fba3,943727.0
6e33fba6,1.46436e+06
6e33fba8,1.33449e+06
6e33fbb3,1.45922e+06
6e33fbbf,1.33521e+06
6e33fbc6,1.31804e+06
6e33fbcb,1.19027e+06
6e33fbd4,1.44039e+06
6e33fbdb,1.19061e+06
6e33fbdd,1.02014e+06
6e33fbf0,1.23485e+06
6e33fbf9,1.50314e+06
6e33fbfe,1.29509e+06
6e33fc04,1.46288e+06
6e33fc0d,1.28927e+06
6e33fc14,959543.0
6e33fc18,1.527e+06
6e33fc1d,1.29976e+06
6e33fc22,1.07323e+06
6e33fc33,1.41408e+06
6e33fc36,1.34832e+06
6e33fc57,1.38883e+06
6e33fc65,1.57874e+06
6e33fc71,1.31215e+06
6e33fc74,884321.0
6e33fc86,1.22019e+06
6e33fc8c,1.36793e+06
6e33fc96,1.09024e+06
6e33fca5,1.43622e+06
6e33fcc5,1.41638e+06
6e33fccf,1.41145e+06
6e33fcd9,1.3507e+06
6e33fce0,1.23779e+06
6e33fce9,1.35565e+06
6e33fcf5,1.32932e+06
6e33fcf7,1.14923e+06
6e33fd1e,1.27005e+06
6e33fd27,1.384e+06
6e33fd30,1.16195e+06
6e33fd34,1.55524e+06
6e33fd41,1.36271e+06
6e33fd5c,1.2677e+06
6e33fd70,1.27005e+06
6e33fd74,1.0846e+06
6e33fd7b,1.1196e+06
6e33fd89,1.04187e+06
6e33fd99,1.11381e+06
6e33fdc2,1.43203e+06
6e33fdd2,1.54152e+06
6e33fddc,1.57553e+06
6e33fddf,1.31743e+06
6e33fdeb,1.44101e+06
6e33fdf1,1.12842e+06
6e33fdfa,1.26139e+06
6e33fdff,1.28272e+06
6e33fe10,1.14002e+06
6e33fe1d,1.25161e+06
6e33fe21,1.44423e+06
6e33fe27,1.42291e+06
6e33fe32,1.09871e+06
6e33fe3c,1.46837e+06
6e33fe49,1.42704e+06
6e33fe51,1.3568e+06
6e33fe53,1.43316e+06
6e33fe86,1.23585e+06
6e33fe8f,1.29066e+06
6e33fe9a,1.49464e+06
6e33fe9d,1.40373e+06
6e33feae,1.34084e+06
6e33feb7,1.19025e+06
6e33feb9,1.30031e+06
6e33fec8,1.17068e+06
6e33fece,1.36244e+06
6e33fed9,1.15956e+06
6e33fee2,1.45061e+06
6e33feff,1.30515e+06
6e33ff18,1.27415e+06
6e33ff1d,1.44824e+06
6e33ff23,1.28382e+06
6e33ff28,1.40145e+06
6e33ff2d,1.35402e+06
6e33ff39,1.15356e+06
6e33ff45,1.39339e+06
6e33ff47,1.28489e+06
6e33ff5c,1.42089e+06
6e33ff5f,1.3327e+06
6e33ff67,1.16217e+06
6e33ff70,1.24748e+06
6e33ff7f,1.28702e+06
6e33ff94,1.07068e+06
6e33ff97,1.43891e+06
6e33ff99,1.5366e+06
6e33ff9e,1.40836e+06
6e33ffa2,1.42082e+06
6e33ffa9,1.48392e+06
6e33ffac,1.22587e+06
6e33ffb8,1.18988e+06
6e33ffba,1.42919e+06
6e33ffbf,1.45448e+06
6e33ffc5,1.474e+06
6e33ffdb,1.3713e+06
6e33ffe3,1.25776e+06
6e33ffe9,1.25984e+06
6e33ffec,969378.0
6e33fffc,1.17721e+06
6e340018,888327.0
6e34001e,1.18268e+06
6e340020,1.34964e+06
6e34002d,1.46104e+06
6e340039,1.25225e+06
6e340043,1.4808e+06
6e340046,1.11121e+06
6e340061,1.4238e+06
6e340064,1.30998e+06
6e34006f,1.38615e+06
6e340082,1.30249e+06
6e340087,1.56058e+06
6e34008b,1.21789e+06
6e340093,1.29543e+06
6e340096,1.28617e+06
6e34009e,1.29198e+06
6e3400a5,1.21584e+06
6e3400a8,1.44834e+06
6e3400d3,1.33237e+06
6e3400ea,1.40481e+06
6e3400ee,912375.0
6e3400fb,1.12772e+06
6e34010b,1.28378e+06
6e34011e,1.50699e+06
6e340132,1.47318e+06
6e340152,1.47549e+06
6e340155,1.42556e+06
6e34015e,1.34401e+06
6e34016d,1.29105e+06
6e34017c,1.56529e+06
6e340182,1.42916e+06
6e3401aa,1.55953e+06
6e3401bf,1.36166e+06
6e3401df,1.26271e+06
6e3401e3,1.24805e+06
6e3401e7,1.36922e+06
6e3401e9,1.60961e+06
6e3401f4,1.12937e+06
6e3401f9,1.41437e+06
6e340208,1.48406e+06
6e340214,1.33667e+06
6e34022f,1.27643e+06
6e340244,901381.0
6e340249,1.40666e+06
6e34024d,1.31234e+06
6e340255,1.27797e+06
6e340257,1.24034e+06
6e340263,1.35499e+06
6e340265,1.37481e+06
6e340279,1.50631e+06
6e340282,1.1408e+06
6e34028b,1.12895e+06
6e34029a,1.41815e+06
6e34029c,1.46105e+06
6e3402a0,1.35875e+06
6e3402ad,1.195e+06
6e3402b2,1.38209e+06
6e3402b4,1.29924e+06
6e3402c0,1.39375e+06
6e3402c3,1.41695e+06
6e3402c5,1.29838e+06
6e3402ca,1.27197e+06
6e34030c,1.04319e+06
6e34032c,1.53897e+06
6e340333,1.48463e+06
6e34033f,1.41326e+06
6e340342,1.38306e+06
6e340349,1.47611e+06
6e340356,1.27698e+06
6e34035b,1.41632e+06
6e340361,1.03683e+06
6e34036e,1.32777e+06
6e340385,1.5946e+06
6e34038a,1.30822e+06
6e340390,1.37621e+06
6e34039c,1.29542e+06
6e3403bf,1.33288e+06
6e3403c2,1.02435e+06
6e3403ca,1.42576e+06
6e3403d5,1.38929e+06
6e3403f8,1.30662e+06
6e3403fb,1.50273e+06
6e340408,1.35472e+06
6e340413,1.41637e+06
6e340415,1.15067e+06
6e340427,1.31902e+06
6e340433,1.36691e+06
6e340437,1.2452e+06
6e340443,1.41892e+06
6e34044d,1.38712e+06
6e340450,1.46655e+06
6e340464,1.41008e+06
6e340470,1.14285e+06
6e340474,1.22432e+06
6e340479,1.4358e+06
6e34049a,1.4243e+06
6e3404a0,1.47666e+06
6e3404a3,901305.0
6e3404a6,1.27404e+06
6e3404b9,1.4552e+06
6e3404c1,1.34325e+06
6e3404c8,1.35229e+06
6e3404cb,1.30042e+06
6e3404d7,1.26059e+06
6e3404dd,1.32888e+06
6e3404f5,1.25346e+06
6e3404f9,1.27741e+06
6e340503,1.39997e+06
6e340505,1.1936e+06
6e34050c,1.2355e+06
6e340513,1.40921e+06
6e34051e,1.3806e+06
6e340523,1.18921e+06
6e340528,1.22286e+06
6e34052d,1.09285e+06
6e340532,1.28977e+06
6e340537,1.32594e+06
6e34054c,1.32175e+06
6e34056b,1.23414e+06
6e340570,1.39967e+06
6e340580,1.2778e+06
6e340596,1.50548e+06
6e34059d,1.49262e+06
6e3405ad,1.47056e+06
6e3405c0,1.29506e+06
6e3405c4,1.22139e+06
6e3405cc,1.27456e+06
6e3405cf,1.29173e+06
6e3405d8,1.29029e+06
6e3405db,900555.0
6e3405e9,1.16678e+06
6e34060e,1.35122e+06
6e340614,1.31424e+06
6e340619,1.32355e+06
6e340624,1.3942e+06
6e34062a,1.46025e+06
6e340636,853723.0
6e340651,1.33443e+06
6e340664,1.32978e+06
6e34066e,1.51159e+06
6e340697,1.52783e+06
6e3406b0,1.4553e+06
6e33d0e6,1.30418e+06
6e33d13e,1.403e+06
6e33d168,1.34188e+06
6e33d1a7,1.18314e+06
6e33d1d3,1.25154e+06
6e33d22a,1.17993e+06
6e33d241,1.20278e+06
6e33d30f,1.28151e+06
6e33d32f,1.15429e+06
6e33d339,1.38356e+06
6e33d366,1.53436e+06
6e33d3bb,1.28778e+06
6e33d3c6,1.41818e+06
6e33d3de,1.35262e+06
6e33d40c,1.32418e+06
6e33d441,1.17739e+06
6e33d4e6,1.49906e+06
6e33d4f7,1.08881e+06
6e33d5ee,1.25296e+06
6e33d620,1.22237e+06
6e33d69f,1.25427e+06
6e33d6ec,1.35549e+06
6e33d71f,1.32893e+06
6e33d723,1.23478e+06
6e33d7fb,1.1112e+06
6e33d833,1.47974e+06
6e33d83c,1.27487e+06
6e33d840,1.29088e+06
6e33d865,1.25263e+06
6e33d905,1.09142e+06
6e33d927,1.28842e+06
6e33d99a,1.39775e+06
6e33d9f1,1.20567e+06
6e33da3b,1.51474e+06
6e33da50,1.23077e+06
6e33da6d,1.33998e+06
6e33da86,1.1129e+06
6e33da99,1.29592e+06
6e33db01,1.32327e+06
6e33db34,1.6326e+06
6e33db3e,1.2248e+06
6e33db56,1.20064e+06
6e33db75,1.26034e+06
6e33db8f,1.10226e+06
6e33dba2,794106.0
6e33dbee,1.25132e+06
6e33dc60,1.3462e+06
6e33dca4,1.37332e+06
6e33dd9b,1.23771e+06
6e33dde7,1.30352e+06
6e33de0a,1.24645e+06
6e33de22,1.17262e+06
6e33de5c,966350.0
6e33de88,937857.0
6e33dede,1.55148e+06
6e33df29,1.27292e+06
6e33df9c,1.3466e+06
6e33e038,1.44997e+06
6e33e0cc,1.51833e+06
6e33e0e1,1.55861e+06
6e33e0ec,912207.0
6e33e179,1.32026e+06
6e33e187,1.38854e+06
6e33e1a6,1.44736e+06
6e33e1b1,1.21777e+06
6e33e1d6,1.23614e+06
6e33e223,1.21398e+06
6e33e23f,1.08999e+06
6e33e25e,1.48348e+06
6e33e26a,1.31085e+06
6e33e270,1.35349e+06
6e33e3cc,1.09846e+06
6e33e406,1.4393e+06
6e33e41b,915300.0
6e33e44f,1.28239e+06
6e33e4cf,1.47258e+06
6e33e526,1.24827e+06
6e33e53e,1.3045e+06
6e33e553,1.15824e+06
6e33e5b8,1.42543e+06
6e33e602,1.45554e+06
6e33e60f,1.20284e+06
6e33e612,1.49917e+06
6e33e618,1.22073e+06
6e33e655,1.34254e+06
6e33e69f,1.52231e+06
6e33e6a4,1.35166e+06
6e33e6df,1.37119e+06
6e33e749,1.32135e+06
6e33e752,1.4698e+06
6e33e75c,1.49386e+06
6e33e782,1.23608e+06
6e33e7e7,1.26327e+06
6e33e838,1.27203e+06
6e33e8cb,1.27859e+06
6e33e93d,1.37047e+06
6e33e952,1.60614e+06
6e33e9c3,1.16899e+06
6e33e9d8,1.43466e+06
6e33ea15,1.35012e+06
6e33ea89,1.47937e+06
6e33eb6c,1.05895e+06
6e33eb7d,875045.0
6e33ec89,1.39865e+06
6e33ecfd,1.34508e+06
6e33ed21,1.10781e+06
6e33edf0,956655.0
6e33ee0d,1.2232e+06
6e33ee1d,1.26202e+06
6e33ee4a,1.24385e+06
6e33ee61,1.37593e+06
6e33ee77,972460.0
6e33ee7f,1.19121e+06
6e33ee9c,1.42204e+06
6e33ef00,1.4191e+06
6e33ef8c,1.14219e+06
6e33ef90,1.41037e+06
6e33efe7,1.41829e+06
6e33f06c,1.37452e+06
6e33f079,1.33205e+06
6e33f14c,1.28895e+06
6e33f155,1.39586e+06
6e33f1ba,1.22339e+06
6e33f233,1.29379e+06
6e33f26b,918451.0
6e33f28b,891528.0
6e33f2a4,1.29614e+06
6e33f2e7,1.48532e+06
6e33f307,1.4297e+06
6e33f351,1.02587e+06
6e33f35f,1.50151e+06
6e33f37c,1.31796e+06
6e33f3f3,1.13332e+06
6e33f3f9,1.50661e+06
6e33f427,1.20045e+06
6e33f456,1.42403e+06
6e33f4a0,1.52661e+06
6e33f4b3,1.0915e+06
6e33f4d5,952535.0
6e33f4da,1.23257e+06
6e33f517,1.28248e+06
6e33f550,1.37354e+06
6e33f579,1.14953e+06
6e33f581,1.37002e+06
6e33f5eb,1.25972e+06
6e33f608,1.37016e+06
6e33f612,1.11361e+06
6e33f642,1.46315e+06
6e33f662,1.35822e+06
6e33f6ef,1.23293e+06
6e33f779,1.36879e+06
6e33f7a8,1.57918e+06
6e33f802,1.05786e+06
6e33f812,1.48556e+06
6e33f82e,1.53321e+06
6e33f85a,1.4468e+06
6e33f86d,1.39657e+06
6e33f872,1.40415e+06
6e33f87a,1.17024e+06
6e33f92c,1.5386e+06
6e33f983,1.40077e+06
6e33f991,1.45542e+06
6e33f9bc,1.49699e+06
6e33f9f2,1.32019e+06
6e33fa0c,1.15488e+06
6e33fa1d,1.45944e+06
6e33fa2a,1.38534e+06
6e33fa9f,1.45063e+06
6e33fac0,1.30862e+06
6e33fb39,1.08913e+06
6e33fba1,1.53525e+06
6e33fc2d,1.16697e+06
6e33fc9c,1.38731e+06
6e33fcb8,1.57156e+06
6e33fd20,1.29082e+06
6e33fd23,1.45507e+06
6e33fd39,1.26507e+06
6e33fd62,1.43197e+06
6e33fda8,1.26227e+06
6e33fe6a,911215.0
6e33fea2,1.30416e+06
6e33fec3,1.46271e+06
6e33fef3,1.3109e+06
6e33ff36,1.33567e+06
6e33ff88,1.23996e+06
6e340007,1.49363e+06
6e340012,1.58708e+06
6e340034,1.43771e+06
6e34003f,1.36034e+06
6e3400b4,1.46156e+06
6e3400b8,1.43524e+06
6e3400cb,1.0656e+06
6e3400f6,1.29579e+06
6e340109,1.34335e+06
6e340116,1.1633e+06
6e3401b0,1.4172e+06
6e3401b7,1.55491e+06
6e340228,1.37022e+06
6e34023a,1.50766e+06
6e340292,1.21226e+06
6e340297,1.35858e+06
6e3402a5,1.48283e+06
6e3402c7,1.45734e+06
6e3402ee,1.43839e+06
6e3402fc,1.13505e+06
6e340317,953771.0
6e3403b3,1.34976e+06
6e3403d9,1.41551e+06
6e340406,1.4573e+06
6e340488,1.40193e+06
6e34048a,1.59325e+06
6e340495,1.42235e+06
6e3404ed,1.31159e+06
6e34050a,1.37058e+06
6e340551,1.29768e+06
6e340639,1.48529e+06
6e34063f,1.35447e+06
6e34064d,794078.0
6e340669,1.36141e+06
6e34067a,1.50729e+06
6e33d045,1.37498e+06
6e33d08b,1.51548e+06
6e33d0bc,1.28436e+06
6e33d14b,1.44965e+06
6e33d1bf,1.21016e+06
6e33d207,1.2734e+06
6e33d219,1.09811e+06
6e33d24b,1.416e+06
6e33d29e,1.17384e+06
6e33d2e7,942379.0
6e33d333,1.51865e+06
6e33d3e0,1.43427e+06
6e33d413,1.28642e+06
6e33d456,1.31134e+06
6e33d4eb,1.44858e+06
6e33d4fd,1.41762e+06
6e33d503,1.23771e+06
6e33d52a,1.5045e+06
6e33d553,1.65883e+06
6e33d5a0,1.39723e+06
6e33d5dc,1.26674e+06
6e33d5eb,1.49822e+06
6e33d5fc,1.60346e+06
6e33d6c2,1.18235e+06
6e33d6cb,1.44668e+06
6e33d787,1.51519e+06
6e33d7dd,1.2624e+06
6e33d811,1.45925e+06
6e33d849,1.46202e+06
6e33d88c,1.53792e+06
6e33d8ad,1.07154e+06
6e33d8c3,1.45687e+06
6e33d8ca,1.27089e+06
6e33d8e2,1.04475e+06
6e33d948,1.36638e+06
6e33d951,1.40118e+06
6e33d98a,1.29837e+06
6e33da7a,1.39915e+06
6e33da8e,1.10474e+06
6e33dad0,1.49295e+06
6e33dc13,1.30564e+06
6e33dc5a,1.22483e+06
6e33dc71,1.27455e+06
6e33dcf5,1.30247e+06
6e33dd7e,1.43144e+06
6e33dea5,1.15218e+06
6e33deec,1.35487e+06
6e33df07,1.37016e+06
6e33df35,1.1854e+06
6e33df7a,1.0781e+06
6e33dfd7,1.3432e+06
6e33dffa,1.21994e+06
6e33e00a,1.16461e+06
6e33e054,996301.0
6e33e057,1.36525e+06
6e33e071,1.55357e+06
6e33e09d,1.25112e+06
6e33e0bf,1.25548e+06
6e33e14e,955978.0
6e33e174,1.12949e+06
6e33e1bf,1.17655e+06
6e33e1dc,1.38709e+06
6e33e237,1.31031e+06
6e33e2a1,1.35222e+06
6e33e2a7,1.2616e+06
6e33e2d3,1.07727e+06
6e33e2d5,1.38641e+06
6e33e33d,1.3278e+06
6e33e36b,1.33895e+06
6e33e3c1,1.10579e+06
6e33e41f,1.05091e+06
6e33e433,1.3288e+06
6e33e45d,1.0938e+06
6e33e4a6,1.49108e+06
6e33e4c3,1.62995e+06
6e33e573,1.00819e+06
6e33e58c,1.4881e+06
6e33e662,1.44211e+06
6e33e6b3,1.6224e+06
6e33e741,1.31088e+06
6e33e7b6,1.55131e+06
6e33e85f,1.3879e+06
6e33e89d,1.30528e+06
6e33e8b6,1.35169e+06
6e33e904,1.40446e+06
6e33e925,1.35097e+06
6e33e959,1.19957e+06
6e33e9b8,1.33813e+06
6e33ea09,1.48922e+06
6e33ea32,1.587e+06
6e33ea3d,1.00484e+06
6e33ea53,1.25477e+06
6e33ea7c,1.52921e+06
6e33ea94,1.01316e+06
6e33eac3,1.32972e+06
6e33eac6,1.44856e+06
6e33eb56,1.30064e+06
6e33eb6e,1.39254e+06
6e33ebbe,1.42375e+06
6e33ebf5,1.35309e+06
6e33ec49,1.02406e+06
6e33ecb5,1.17516e+06
6e33ed04,1.32422e+06
6e33ed3d,1.47502e+06
6e33ed4d,949292.0
6e33ed52,1.26837e+06
6e33ed7a,1.31223e+06
6e33edb6,1.36467e+06
6e33edde,1.24329e+06
6e33ee23,884016.0
6e33ee3b,1.42797e+06
6e33ee3f,1.15137e+06
6e33ee54,1.24135e+06
6e33eee1,1.41309e+06
6e33ef1a,1.46406e+06
6e33ef80,1.34027e+06
6e33f04b,1.45382e+06
6e33f108,1.32314e+06
6e33f10d,1.42033e+06
6e33f12d,1.29342e+06
6e33f135,1.21115e+06
6e33f197,1.17319e+06
6e33f19c,837762.0
6e33f1d5,1.51015e+06
6e33f21c,1.457e+06
6e33f247,1.24494e+06
6e33f25a,1.17465e+06
6e33f304,1.45223e+06
6e33f32d,1.43765e+06
6e33f3c4,1.10294e+06
6e33f3dd,1.04238e+06
6e33f3f1,1.39871e+06
6e33f42e,1.47956e+06
6e33f44e,1.50555e+06
6e33f45f,1.38889e+06
6e33f48a,1.1603e+06
6e33f48d,1.20827e+06
6e33f4bd,1.30743e+06
6e33f593,1.15044e+06
6e33f5b5,1.46707e+06
6e33f67e,1.15082e+06
6e33f681,1.39503e+06
6e33f6c3,1.48818e+06
6e33f773,1.1496e+06
6e33f78b,1.16566e+06
6e33f7b0,1.47873e+06
6e33f7da,1.16566e+06
6e33f7f0,1.41729e+06
6e33f7fd,1.2848e+06
6e33f81a,1.43199e+06
6e33f854,1.30689e+06
6e33f8e4,1.36493e+06
6e33f936,1.27264e+06
6e33f945,1.3854e+06
6e33f9c5,1.15672e+06
6e33fa11,1.40817e+06
6e33fa3b,1.10869e+06
6e33fa6f,1.01437e+06
6e33fa9d,1.52336e+06
6e33fab9,1.49602e+06
6e33faeb,1.20654e+06
6e33fb34,1.22214e+06
6e33fb3c,1.19861e+06
6e33fb46,1.12484e+06
6e33fb93,1.72903e+06
6e33fbcd,1.42213e+06
6e33fbe3,967974.0
6e33fc27,1.51749e+06
6e33fc41,1.44518e+06
6e33fc63,1.55759e+06
6e33fd69,1.44615e+06
6e33fd7d,1.35842e+06
6e33fe0a,1.3295e+06
6e33fe36,1.36418e+06
6e33fe5f,1.31708e+06
6e33fe6e,1.4343e+06
6e33ff08,1.37852e+06
6e33ff26,1.25904e+06
6e33ff8f,923148.0
6e33ff91,1.54913e+06
6e33ffdd,1.39423e+06
6e340098,1.20982e+06
6e3400b2,1.26002e+06
6e3400c2,1.25452e+06
6e340101,971514.0
6e34010d,1.40349e+06
6e34011b,1.3619e+06
6e34013a,1.35052e+06
6e340158,1.27853e+06
6e34019e,992809.0
6e340218,1.36796e+06
6e34022d,1.5511e+06
6e34027b,1.29827e+06
6e3402bc,1.22801e+06
6e3402e6,1.36563e+06
6e340344,1.25293e+06
6e340352,1.53942e+06
6e3403a4,1.55918e+06
6e3403e3,1.06073e+06
6e340418,1.42138e+06
6e340422,988744.0
6e340497,1.09673e+06
6e3404d2,1.56271e+06
6e3404eb,1.31429e+06
6e340578,1.31549e+06
6e34058c,1.31515e+06
6e3405ef,1.37266e+06
6e3405f2,1.35666e+06
6e340604,1.57011e+06
6e33d03d,1.56854e+06
6e33d05f,1.13645e+06
6e33d065,1.62747e+06
6e33d103,1.24033e+06
6e33d112,1.01577e+06
6e33d191,1.17553e+06
6e33d20e,1.31982e+06
6e33d281,1.42402e+06
6e33d286,1.36681e+06
6e33d2d5,1.18223e+06
6e33d3f0,1.30882e+06
6e33d42f,1.374e+06
6e33d445,1.46845e+06
6e33d473,1.17109e+06
6e33d486,1.39479e+06
6e33d4a1,1.50426e+06
6e33d4ff,1.46287e+06
6e33d556,1.48167e+06
6e33d594,1.45267e+06
6e33d616,1.5084e+06
6e33d65b,1.277e+06
6e33d660,1.30389e+06
6e33d679,1.25681e+06
6e33d6c8,1.05347e+06
6e33d73e,1.23179e+06
6e33d750,1.10119e+06
6e33d7d8,1.33377e+06
6e33d889,1.19357e+06
6e33d8b0,1.33733e+06
6e33d8b4,1.19352e+06
6e33d8b9,1.235e+06
6e33d99e,1.37042e+06
6e33d9c9,1.52058e+06
6e33d9d8,1.24623e+06
6e33d9e3,853273.0
6e33da35,1.48472e+06
6e33da41,1.18307e+06
6e33dab1,1.20724e+06
6e33dae9,1.36232e+06
6e33db09,1.29444e+06
6e33db7c,1.25454e+06
6e33db9a,1.19297e+06
6e33dba5,1.46387e+06
6e33dbc2,1.36185e+06
6e33dbf4,1.21395e+06
6e33dc97,1.40507e+06
6e33dca8,1.49732e+06
6e33dcd8,1.26395e+06
6e33dcfb,1.36476e+06
6e33dd69,1.29486e+06
6e33ddc7,1.46366e+06
6e33ddf9,775553.0
6e33de00,1.37843e+06
6e33de4e,1.3801e+06
6e33debd,1.46342e+06
6e33dedb,1.24411e+06
6e33def8,1.36908e+06
6e33df41,1.50231e+06
6e33df72,1.41446e+06
6e33df7e,1.12658e+06
6e33df94,1.27183e+06
6e33dfbe,1.44344e+06
6e33dfcc,842571.0
6e33e004,1.34275e+06
6e33e008,849788.0
6e33e07a,1.00867e+06
6e33e0d2,1.32334e+06
6e33e130,1.4564e+06
6e33e149,1.18357e+06
6e33e14b,1.21327e+06
6e33e199,1.51567e+06
6e33e23a,923717.0
6e33e2b5,1.00061e+06
6e33e2ea,1.40272e+06
6e33e31e,1.18172e+06
6e33e352,1.44835e+06
6e33e35d,1.22441e+06
6e33e383,1.15173e+06
6e33e3a5,1.26395e+06
6e33e3b9,1.38213e+06
6e33e462,1.35787e+06
6e33e464,1.38237e+06
6e33e48a,1.39032e+06
6e33e4b3,1.39268e+06
6e33e4be,1.50266e+06
6e33e558,1.48981e+06
6e33e581,942633.0
6e33e591,1.13477e+06
6e33e640,1.51775e+06
6e33e670,1.25029e+06
6e33e699,1.10972e+06
6e33e6a9,1.42637e+06
6e33e6d7,1.13049e+06
6e33e6f2,1.34574e+06
6e33e6f8,1.46431e+06
6e33e74e,890089.0
6e33e790,1.42205e+06
6e33e859,1.29851e+06
6e33e86c,1.35238e+06
6e33e893,1.35836e+06
6e33e898,1.06891e+06
6e33e8d3,1.18598e+06
6e33e8f0,1.44391e+06
6e33e99b,1.48245e+06
6e33e9f7,1.39282e+06
6e33ea84,1.22649e+06
6e33eab3,1.27996e+06
6e33eada,938321.0
6e33eade,1.39555e+06
6e33eae5,1.51056e+06
6e33eb06,1.29772e+06
6e33eb4a,1.55309e+06
6e33eb4d,1.28136e+06
6e33eb88,1.30225e+06
6e33ec6e,1.39921e+06
6e33ec87,1.12283e+06
6e33ece3,1.38523e+06
6e33ecff,1.56789e+06
6e33ed85,1.22796e+06
6e33edbc,1.38865e+06
6e33edc6,1.44241e+06
6e33ee2d,1.35243e+06
6e33eeaf,1.49445e+06
6e33eeb3,1.05326e+06
6e33eeb5,1.36463e+06
6e33eec2,1.43822e+06
6e33eedb,905895.0
6e33ef16,1.30126e+06
6e33ef53,1.37679e+06
6e33ef7b,1.40833e+06
6e33ef85,1.30585e+06
6e33ef98,1.0098e+06
6e33efbe,1.20366e+06
6e33eff8,1.2734e+06
6e33f005,1.55918e+06
6e33f08f,1.09615e+06
6e33f0aa,1.0235e+06
6e33f0ed,1.41597e+06
6e33f144,1.51541e+06
6e33f1da,1.19197e+06
6e33f208,1.36259e+06
6e33f269,1.17976e+06
6e33f2b0,1.23054e+06
6e33f2c7,1.07347e+06
6e33f2dc,1.25766e+06
6e33f2fa,1.48082e+06
6e33f2fc,998690.0
6e33f356,1.10755e+06
6e33f3d2,1.1742e+06
6e33f431,1.17724e+06
6e33f541,1.27648e+06
6e33f56b,1.52366e+06
6e33f5d9,1.29568e+06
6e33f5e5,1.34157e+06
6e33f601,1.48148e+06
6e33f63a,1.27517e+06
6e33f64d,1.4933e+06
6e33f701,1.25819e+06
6e33f730,1.4596e+06
6e33f743,1.35335e+06
6e33f75d,1.37847e+06
6e33f78e,1.46044e+06
6e33f7fa,1.2777e+06
6e33f828,1.15899e+06
6e33f8bc,1.19091e+06
6e33f8c1,1.25648e+06
6e33f8d2,1.10427e+06
6e33f960,892928.0
6e33f99a,1.49849e+06
6e33f9ce,1.30075e+06
6e33fa37,1.58513e+06
6e33fa4a,1.2896e+06
6e33fa78,1.41024e+06
6e33fa87,1.43335e+06
6e33faa6,1.49359e+06
6e33fad2,1.43391e+06
6e33fad6,1.3371e+06
6e33fb0e,1.33745e+06
6e33fb54,1.24727e+06
6e33fb73,1.34457e+06
6e33fbae,1.22086e+06
6e33fbee,1.38562e+06
6e33fbf7,839788.0
6e33fc3f,1.31497e+06
6e33fc6b,1.44251e+06
6e33fcc1,1.32868e+06
6e33fd03,1.51155e+06
6e33fe07,1.1805e+06
6e33fe1f,1.06338e+06
6e33fe55,1.30753e+06
6e33fe84,1.22875e+06
6e33ff1f,1.03801e+06
6e33ff84,1.10483e+06
6e33ffa0,1.40881e+06
6e34008f,1.06446e+06
6e3400d8,1.29337e+06
6e340202,1.3004e+06
6e340235,1.2659e+06
6e340240,1.51934e+06
6e34031c,1.49245e+06
6e340320,1.41926e+06
6e34033b,1.27055e+06
6e340370,1.20301e+06
6e3403b6,1.05253e+06
6e340456,1.29274e+06
6e340461,1.44408e+06
6e3404e3,1.40813e+06
6e340584,1.38194e+06
6e340590,1.0379e+06
6e3405a7,1.2819e+06
6e3405c2,1.2958e+06
6e340660,1.2903e+06
6e3406a1,1.51535e+06
6e3406ab,1.37616e+06
6e33d083,1.2556e+06
6e33d0a5,1.12583e+06
6e33d0cc,1.52056e+06
6e33d0d1,1.29672e+06
6e33d0ea,1.21406e+06
6e33d13a,1.5139e+06
6e33d159,1.27527e+06
6e33d1c7,1.42446e+06
6e33d221,1.06126e+06
6e33d239,969051.0
6e33d256,1.13573e+06
6e33d2cb,1.5151e+06
6e33d312,1.40958e+06
6e33d362,1.33013e+06
6e33d371,1.43347e+06
6e33d3c2,1.49453e+06
6e33d3ca,1.1413e+06
6e33d43d,1.30824e+06
6e33d450,1.11679e+06
6e33d45b,1.55984e+06
6e33d466,1.24209e+06
6e33d4d0,1.12306e+06
6e33d4e2,1.30689e+06
6e33d546,1.36723e+06
6e33d54d,1.38191e+06
6e33d62c,1.35157e+06
6e33d65e,1.14978e+06
6e33d669,1.34693e+06
6e33d74a,1.4078e+06
6e33d75b,848995.0
6e33d7a0,1.01475e+06
6e33d7c7,1.13071e+06
6e33d863,1.48475e+06
6e33d871,1.46546e+06
6e33d8e8,1.40453e+06
6e33d91f,1.38047e+06
6e33d925,1.24733e+06
6e33d960,1.12777e+06
6e33d9e9,1.2187e+06
6e33da29,1.4149e+06
6e33da30,1.24933e+06
6e33da59,1.35961e+06
6e33da6f,1.51121e+06
6e33da7f,1.38699e+06
6e33db1d,1.47453e+06
6e33db28,1.47313e+06
6e33dbab,1.38379e+06
6e33dbcb,1.23342e+06
6e33dbfc,1.13163e+06
6e33dc3f,1.46206e+06
6e33dc65,1.44769e+06
6e33dc6e,1.16629e+06
6e33dc7d,1.43164e+06
6e33dd01,1.24995e+06
6e33dd3f,1.44252e+06
6e33dd5d,1.55478e+06
6e33dda1,1.05251e+06
6e33dddc,1.27593e+06
6e33de54,823711.0
6e33de7b,952383.0
6e33df02,1.43257e+06
6e33df0c,1.22772e+06
6e33df19,1.30484e+06
6e33df58,1.2024e+06
6e33dff4,994213.0
6e33e0ba,973188.0
6e33e0c4,1.14797e+06
6e33e0c8,1.11624e+06
6e33e0d0,1.32608e+06
6e33e0fd,1.19476e+06
6e33e118,1.37727e+06
6e33e11b,1.20739e+06
6e33e127,1.18354e+06
6e33e15f,1.29379e+06
6e33e18c,1.3527e+06
6e33e1d0,1.48068e+06
6e33e24b,1.24211e+06
6e33e275,1.43672e+06
6e33e292,1.0717e+06
6e33e297,1.47476e+06
6e33e2ad,1.36459e+06
6e33e2b1,934882.0
6e33e2fd,1.25428e+06
6e33e338,1.58499e+06
6e33e371,1.27568e+06
6e33e37c,1.3589e+06
6e33e391,1.48391e+06
6e33e3e1,1.23286e+06
6e33e3ef,1.32686e+06
6e33e3fa,1.14492e+06
6e33e3ff,1.40809e+06
6e33e415,1.15677e+06
6e33e427,1.01393e+06
6e33e442,1.38143e+06
6e33e4d1,1.09001e+06
6e33e501,786589.0
6e33e5c4,1.24417e+06
6e33e5db,1.22113e+06
6e33e632,1.20542e+06
6e33e659,1.54174e+06
6e33e675,1.3841e+06
6e33e6e3,1.20302e+06
6e33e6e8,1.4585e+06
6e33e708,936992.0
6e33e714,1.17956e+06
6e33e754,1.26868e+06
6e33e764,978355.0
6e33e799,1.29757e+06
6e33e7e3,1.04348e+06
6e33e7ee,985807.0
6e33e81f,1.27041e+06
6e33e835,1.39034e+06
6e33e83d,1.36834e+06
6e33e855,1.18796e+06
6e33e862,936550.0
6e33e872,1.29403e+06
6e33e8a8,1.20159e+06
6e33e8f3,789014.0
6e33e928,1.18404e+06
6e33e932,955394.0
6e33e942,1.21467e+06
6e33e988,1.44275e+06
6e33e9a6,1.10512e+06
6e33ea0f,950452.0
6e33ea2d,818996.0
6e33ea42,1.24724e+06
6e33eaa9,1.5525e+06
6e33ead6,985223.0
6e33eae7,1.3103e+06
6e33eb1b,1.29019e+06
6e33eb42,1.37997e+06
6e33eb58,1.4836e+06
6e33eb84,1.52291e+06
6e33ebb5,1.32285e+06
6e33ebf8,1.59814e+06
6e33ec43,977944.0
6e33ec4e,1.12993e+06
6e33ec6b,1.28269e+06
6e33eca6,1.40695e+06
6e33ecf7,1.3706e+06
6e33ed80,1.01832e+06
6e33ed83,1.35558e+06
6e33ed8e,1.49658e+06
6e33eda6,1.33201e+06
6e33edc1,1.00201e+06
6e33edcf,1.32157e+06
6e33edd3,1.01215e+06
6e33edee,1.39528e+06
6e33ee20,1.23982e+06
6e33ee2a,1.49467e+06
6e33ee37,1.34957e+06
6e33ee4c,1.41039e+06
6e33ee8d,1.25573e+06
6e33eea3,1.46244e+06
6e33eef6,1.45336e+06
6e33eefb,1.43701e+06
6e33ef47,1.33745e+06
6e33efdf,1.30679e+06
6e33efec,1.22377e+06
6e33f028,1.04434e+06
6e33f077,1.3877e+06
6e33f0b1,1.26712e+06
6e33f0c6,1.26755e+06
6e33f122,1.17164e+06
6e33f19e,1.19257e+06
6e33f1a9,1.2309e+06
6e33f1ab,1.34226e+06
6e33f1e6,1.1368e+06
6e33f218,1.43691e+06
6e33f253,1.14568e+06
6e33f2bb,1.37201e+06
6e33f2cc,1.12925e+06
6e33f361,1.09429e+06
6e33f36c,1.46806e+06
6e33f38a,1.50499e+06
6e33f3d6,1.0346e+06
6e33f3e1,1.40173e+06
6e33f465,1.25018e+06
6e33f490,1.36336e+06
6e33f4ec,1.39421e+06
6e33f552,1.34145e+06
6e33f5a8,1.19987e+06
6e33f5be,1.05202e+06
6e33f64a,1.11427e+06
6e33f66c,1.23294e+06
6e33f6b6,870274.0
6e33f6f2,1.17406e+06
6e33f6fc,1.06922e+06
6e33f747,1.15393e+06
6e33f750,1.20554e+06
6e33f76c,1.39316e+06
6e33f7c1,1.24838e+06
6e33f87c,1.39069e+06
6e33f887,1.05208e+06
6e33f8ac,1.38878e+06
6e33f930,1.43146e+06
6e33f99f,1.16266e+06
6e33fa97,1.48187e+06
6e33fb02,1.28619e+06
6e33fb5d,949368.0
6e33fb9c,1.36148e+06
6e33fbb7,1.4083e+06
6e33fc76,1.42414e+06
6e33fc81,1.01665e+06
6e33fc8e,1.05311e+06
6e33fc92,1.34034e+06
6e33fc9f,1.47351e+06
6e33fcbc,1.25744e+06
6e33fcd3,1.42214e+06
6e33fcfd,1.33682e+06
6e33fd17,1.2699e+06
6e33fd6c,1.29446e+06
6e33fdfc,1.2531e+06
6e33fe04,1.34131e+06
6e33fe59,1.20358e+06
6e33fe78,1.09342e+06
6e33fef1,1.24714e+06
6e33ff04,1.27085e+06
6e33ff0d,1.15565e+06
6e33ff14,1.60156e+06
6e33ff76,980455.0
6e340005,1.29909e+06
6e340052,1.13694e+06
6e340077,1.21876e+06
6e3400a0,1.33252e+06
6e340110,1.41092e+06
6e340172,1.40537e+06
6e34018c,929345.0
6e340191,1.60735e+06
6e3401a2,1.41883e+06
6e3401a8,1.22718e+06
6e3401ee,1.30047e+06
6e340211,1.4267e+06
6e340225,1.01538e+06
6e34024f,989911.0
6e340285,1.2272e+06
6e34034b,1.58278e+06
6e34034d,1.2428e+06
6e340366,1.41722e+06
6e3403bb,1.29969e+06
6e3403cd,1.34476e+06
6e3404b3,1.08837e+06
6e3404bf,1.3201e+06
6e3404e6,1.25451e+06
6e3405d3,1.22483e+06
6e3405ff,1.29648e+06
6e340643,1.38736e+06
6e340680,1.14193e+06
6e340688,1.30367e+06
6e33d031,1.12932e+06
6e33d071,1.45659e+06
6e33d0a8,1.35645e+06
6e33d12c,1.2746e+06
6e33d141,1.28809e+06
6e33d175,1.25439e+06
6e33d1dd,1.16059e+06
6e33d205,997503.0
6e33d234,1.42659e+06
6e33d251,1.05864e+06
6e33d266,1.36347e+06
6e33d28e,1.37051e+06
6e33d2bc,1.23925e+06
6e33d303,1.42612e+06
6e33d340,1.11341e+06
6e33d383,1.36718e+06
6e33d3b5,1.04461e+06
6e33d4a7,1.02845e+06
6e33d51b,1.31866e+06
6e33d55b,1.35532e+06
6e33d566,1.39606e+06
6e33d5c9,1.36185e+06
6e33d5f6,1.10034e+06
6e33d62a,1.28648e+06
6e33d666,1.34464e+06
6e33d69c,1.46346e+06
6e33d6ba,1.35287e+06
6e33d734,1.00121e+06
6e33d738,1.27157e+06
6e33d74c,1.0999e+06
6e33d767,1.10493e+06
6e33d7a9,1.38411e+06
6e33d7fe,1.39034e+06
6e33d81a,725856.0
6e33d895,1.26813e+06
6e33d8cd,1.27435e+06
6e33d976,1.08249e+06
6e33d9ff,1.34567e+06
6e33dacd,1.40068e+06
6e33dada,1.22081e+06
6e33dadd,1.219e+06
6e33daf7,1.19695e+06
6e33dbb1,1.46418e+06
6e33dc2d,1.23247e+06
6e33dce3,1.29843e+06
6e33dd0a,1.07738e+06
6e33dd1f,1.28602e+06
6e33dd25,1.37497e+06
6e33ddb3,1.38835e+06
6e33ddbd,1.29895e+06
6e33ddda,1.04725e+06
6e33ddde,1.47907e+06
6e33ddea,1.48391e+06
6e33de24,1.41435e+06
6e33de42,1.46812e+06
6e33de95,1.24298e+06
6e33dec1,1.08265e+06
6e33decc,1.49064e+06
6e33df64,1.49932e+06
6e33dfba,1.1009e+06
6e33e01f,1.39419e+06
6e33e0b6,1.42556e+06
6e33e0f6,1.44593e+06
6e33e150,1.26732e+06
6e33e166,1.42551e+06
6e33e1f4,1.01963e+06
6e33e1f8,1.22862e+06
6e33e209,1.49836e+06
6e33e278,727020.0
6e33e314,1.20204e+06
6e33e38a,1.44409e+06
6e33e3ed,1.53602e+06
6e33e43d,1.31137e+06
6e33e497,1.44254e+06
6e33e4b9,1.22125e+06
6e33e520,1.26193e+06
6e33e54d,960621.0
6e33e66a,1.22883e+06
6e33e678,1.1721e+06
6e33e681,1.50116e+06
6e33e6d5,973164.0
6e33e6d9,1.29331e+06
6e33e71e,1.18831e+06
6e33e7aa,1.30012e+06
6e33e7c1,1.3557e+06
6e33e826,1.38641e+06
6e33e845,1.47504e+06
6e33e906,1.28612e+06
6e33e92e,1.61872e+06
6e33e98e,945099.0
6e33e9f3,1.22815e+06
6e33ea0b,1.24793e+06
6e33ea2f,1.18897e+06
6e33ea75,1.27218e+06
6e33eab0,1.40057e+06
6e33eb79,1.47454e+06
6e33ebc3,1.4682e+06
6e33ebe6,738469.0
6e33ec92,933783.0
6e33ecaa,1.28751e+06
6e33ecbd,1.18461e+06
6e33ed07,1.17564e+06
6e33ed40,1.18605e+06
6e33ed89,1.39812e+06
6e33eda1,1.43412e+06
6e33edb8,1.38109e+06
6e33edfb,1.18935e+06
6e33ee34,1.14633e+06
6e33ee3d,1.49054e+06
6e33ee66,1.40921e+06
6e33ee7c,1.43465e+06
6e33ee88,1.26229e+06
6e33eeab,1.15485e+06
6e33ef0b,1.2463e+06
6e33ef4d,955524.0
6e33ef69,1.23787e+06
6e33efd9,1.50692e+06
6e33efe5,1.46174e+06
6e33f067,1.22514e+06
6e33f0ae,1.38365e+06
6e33f0e8,1.06047e+06
6e33f0fc,1.16457e+06
6e33f133,1.13634e+06
6e33f17b,1.21075e+06
6e33f239,1.1822e+06
6e33f277,1.07701e+06
6e33f2ad,1.06764e+06
6e33f2c0,1.36986e+06
6e33f302,1.18912e+06
6e33f31b,1.46555e+06
6e33f38c,1.33581e+06
6e33f3a6,1.34398e+06
6e33f3c9,1.31853e+06
6e33f411,953817.0
6e33f440,1.34673e+06
6e33f463,1.40021e+06
6e33f470,1.30572e+06
6e33f4bf,777502.0
6e33f4c3,1.28612e+06
6e33f4de,1.21218e+06
6e33f4e4,1.01104e+06
6e33f4ea,1.46244e+06
6e33f53c,1.29839e+06
6e33f5c3,906260.0
6e33f5d1,1.26722e+06
6e33f630,1.54065e+06
6e33f648,1.23033e+06
6e33f664,1.45899e+06
6e33f689,1.23486e+06
6e33f6ae,1.07418e+06
6e33f6b9,1.25125e+06
6e33f71c,1.52854e+06
6e33f76f,1.42846e+06
6e33f79f,1.34037e+06
6e33f7c5,1.51561e+06
6e33f7cc,1.40329e+06
6e33f7d0,1.20448e+06
6e33f804,1.53029e+06
6e33f816,1.32996e+06
6e33f860,1.50733e+06
6e33f9a2,1.61814e+06
6e33f9b6,1.4379e+06
6e33f9fb,1.33979e+06
6e33fa2c,1.04887e+06
6e33fa39,1.42956e+06
6e33fa6b,1.14593e+06
6e33fa8a,1.45255e+06
6e33fab4,1.35372e+06
6e33fad8,1.39158e+06
6e33faf6,851071.0
6e33fbd0,1.24706e+06
6e33fc88,1.43089e+06
6e33fcc8,1.49811e+06
6e33fce3,1.36772e+06
6e33fd09,1.29752e+06
6e33fd13,1.06712e+06
6e33fd3b,1.15236e+06
6e33fd79,1.42006e+06
6e33fd9c,1.05677e+06
6e33fdb7,1.51244e+06
6e33fdba,1.33777e+06
6e33fe14,1.42943e+06
6e33fe70,1.45872e+06
6e33fede,1.22308e+06
6e33ff0b,1.34172e+06
6e33fff2,1.49092e+06
6e34007d,1.40335e+06
6e3400e6,803356.0
6e34012a,1.41971e+06
6e340177,1.41516e+06
6e3401c4,1.21303e+06
6e3401d5,1.46455e+06
6e340246,1.40604e+06
6e340274,1.20262e+06
6e34027f,1.34782e+06
6e3402d0,1.39718e+06
6e3402f8,1.19348e+06
6e3402fa,1.29824e+06
6e340331,1.21766e+06
6e340337,1.23527e+06
6e340396,1.55637e+06
6e34039f,1.20871e+06
6e3403f3,974219.0
6e34042e,1.35993e+06
6e3404c5,1.30016e+06
6e3404e9,1.2591e+06
6e340515,1.42346e+06
6e3405a3,1.22561e+06
6e3405b3,1.51062e+06
6e3405b7,1.25892e+06
6e3405bb,1.45399e+06
6e3405f7,1.18981e+06
6e34061f,1.33368e+06
6e33d080,1.15823e+06
6e33d09d,1.45629e+06
6e33d0b1,1.42717e+06
6e33d1ad,1.37987e+06
6e33d216,1.05258e+06
6e33d253,1.2987e+06
6e33d262,1.19534e+06
6e33d26d,1.53613e+06
6e33d29a,1.44851e+06
6e33d29c,1.21721e+06
6e33d2b6,1.6341e+06
6e33d2c6,980952.0
6e33d329,1.45637e+06
6e33d353,1.0576e+06
6e33d388,1.36485e+06
6e33d3ab,1.02842e+06
6e33d3e8,1.53151e+06
6e33d3f5,1.16844e+06
6e33d402,1.20236e+06
6e33d40a,1.54938e+06
6e33d489,1.49969e+06
6e33d4af,1.33842e+06
6e33d4d8,1.45219e+06
6e33d4dd,1.07792e+06
6e33d4ef,1.35852e+06
6e33d53b,1.43441e+06
6e33d58e,1.32297e+06
6e33d59c,1.30837e+06
6e33d5b5,1.10803e+06
6e33d5c6,1.29002e+06
6e33d600,1.36053e+06
6e33d659,892740.0
6e33d6a4,1.3503e+06
6e33d73c,1.35878e+06
6e33d799,1.41892e+06
6e33d7d2,1.39647e+06
6e33d7e0,1.25577e+06
6e33d805,1.18438e+06
6e33d808,1.45064e+06
6e33d825,1.39948e+06
6e33d838,910712.0
6e33d8bc,1.39025e+06
6e33d981,1.66088e+06
6e33d9a2,1.51826e+06
6e33d9f9,1.42611e+06
6e33da2c,854813.0
6e33da68,1.43329e+06
6e33da89,1.20595e+06
6e33dac5,1.48576e+06
6e33dae6,1.21919e+06
6e33db0f,1.51567e+06
6e33db43,1.48469e+06
6e33db79,1.39688e+06
6e33db8a,1.29134e+06
6e33db9e,1.29781e+06
6e33dbe2,1.50997e+06
6e33dbe8,1.46869e+06
6e33dc30,1.25014e+06
6e33dc62,1.06268e+06
6e33dc80,1.31974e+06
6e33dc93,1.06077e+06
6e33dc9f,1.42382e+06
6e33dcb3,1.21597e+06
6e33ddf0,1.07524e+06
6e33de0e,1.53394e+06
6e33de2f,1.4665e+06
6e33de91,1.50647e+06
6e33dec9,1.19795e+06
6e33df3d,790584.0
6e33dfb2,1.34124e+06
6e33dfc9,1.46111e+06
6e33e00f,1.25846e+06
6e33e019,1.43076e+06
6e33e097,1.13242e+06
6e33e0a4,1.45122e+06
6e33e0b2,1.16975e+06
6e33e16b,1.08307e+06
6e33e1ac,1.46558e+06
6e33e1c6,1.43326e+06
6e33e1e9,1.40087e+06
6e33e200,1.1264e+06
6e33e20f,1.18171e+06
6e33e21b,1.39214e+06
6e33e221,1.33879e+06
6e33e2be,1.437e+06
6e33e2c0,1.15312e+06
6e33e2e0,1.21941e+06
6e33e324,1.25476e+06
6e33e376,1.49211e+06
6e33e39a,1.09828e+06
6e33e3ab,1.32979e+06
6e33e403,1.24606e+06
6e33e4d9,1.55178e+06
6e33e50e,1.33472e+06
6e33e5ee,1.56676e+06
6e33e5f9,1.28227e+06
6e33e62d,1.48315e+06
6e33e6ed,1.37094e+06
6e33e71a,1.33268e+06
6e33e72e,1.58215e+06
6e33e7d2,1.16447e+06
6e33e7fd,1.45716e+06
6e33e865,1.03276e+06
6e33e8b0,1.13866e+06
6e33e8c3,1.34624e+06
6e33e8e3,1.08627e+06
6e33e8f9,1.22165e+06
6e33e939,1.15146e+06
6e33e991,1.60188e+06
6e33e998,1.22471e+06
6e33e9ee,1.42564e+06
6e33ea21,1.47672e+06
6e33ea63,1.31239e+06
6e33ea8c,1.20415e+06
6e33eabe,1.2681e+06
6e33eb31,1.33406e+06
6e33eb5d,1.5246e+06
6e33eb9b,957369.0
6e33ebae,1.21126e+06
6e33ebcb,1.31495e+06
6e33ec04,1.13709e+06
6e33ec0b,1.28137e+06
6e33ed38,1.5162e+06
6e33ed7e,1.10037e+06
6e33edb0,1.4188e+06
6e33edfd,1.13892e+06
6e33ee59,1.34572e+06
6e33ee74,1.48668e+06
6e33ef50,1.38771e+06
6e33ef79,1.57098e+06
6e33efc7,1.33254e+06
6e33efe3,1.16033e+06
6e33effd,1.35879e+06
6e33f074,1.54316e+06
6e33f11c,1.52963e+06
6e33f153,1.1139e+06
6e33f192,1.34643e+06
6e33f1f8,1.19891e+06
6e33f20d,1.25844e+06
6e33f21e,1.51986e+06
6e33f225,1.60104e+06
6e33f29c,1.43945e+06
6e33f2a7,1.26406e+06
6e33f33d,1.28469e+06
6e33f370,1.37211e+06
6e33f374,1.23659e+06
6e33f37f,1.36229e+06
6e33f459,1.42485e+06
6e33f4d0,1.2932e+06
6e33f556,1.42306e+06
6e33f587,1.17448e+06
6e33f5b1,1.51176e+06
6e33f5e7,1.437e+06
6e33f674,1.3229e+06
6e33f693,1.28546e+06
6e33f6d7,1.175e+06
6e33f735,1.39875e+06
6e33f775,1.12058e+06
6e33f7a2,1.36369e+06
6e33f7c7,1.31436e+06
6e33f7df,1.66293e+06
6e33f7ec,1.08229e+06
6e33f808,1.41807e+06
6e33f814,1.55328e+06
6e33f85d,1.12067e+06
6e33f8a9,1.01834e+06
6e33f8b7,1.63508e+06
6e33f9a9,1.25824e+06
6e33f9b1,1.34488e+06
6e33f9d9,1.27199e+06
6e33fa4f,1.23038e+06
6e33fa62,1.319e+06
6e33fbf3,1.36955e+06
6e33fc5d,925761.0
6e33fcdc,1.26011e+06
6e33fd2c,1.26265e+06
6e33fd4c,1.30678e+06
6e33fd57,974196.0
6e33fd67,1.45256e+06
6e33fdd4,1.45773e+06
6e33fdf3,1.47248e+06
6e33fe46,1.5508e+06
6e33ff55,1.38627e+06
6e33ff5a,1.19272e+06
6e33ffa5,1.48632e+06
6e33ffc9,1.36096e+06
6e340057,1.35932e+06
6e34006a,1.29298e+06
6e340071,1.41743e+06
6e340103,1.37688e+06
6e340118,1.22789e+06
6e3401b5,1.23089e+06
6e340206,1.30508e+06
6e34025e,1.47312e+06
6e3402b7,1.01674e+06
6e3402d6,1.25061e+06
6e3402ff,1.18061e+06
6e340311,1.42262e+06
6e340325,1.43841e+06
6e34036c,1.21381e+06
6e3403a8,1.2742e+06
6e3403e7,1.33231e+06
6e34046c,1.30826e+06
6e34047f,1.50805e+06
6e3404a9,1.28448e+06
6e340560,1.26663e+06
6e340565,1.34542e+06
6e340572,1.61272e+06
6e340574,1.40197e+06
6e34057e,1.49027e+06
6e340588,1.25499e+06
6e3405c7,1.60379e+06
6e3405de,1.14847e+06
6e340630,1.38177e+06
6e34065c,1.41753e+06
6e340692,1.2555e+06
6e34069d,1.34624e+06
6e3406a5,1.18357e+06
6e33d05b,1.12142e+06
6e33d089,1.30805e+06
6e33d08e,1.04358e+06
6e33d098,1.24135e+06
6e33d0b5,1.13313e+06
6e33d0ba,1.42371e+06
6e33d0c6,1.25163e+06
6e33d0d3,1.45856e+06
6e33d127,1.12192e+06
6e33d172,1.48212e+06
6e33d184,1.34208e+06
6e33d193,1.40193e+06
6e33d1e1,1.48576e+06
6e33d1ff,1.40676e+06
6e33d210,1.20468e+06
6e33d23e,1.37542e+06
6e33d293,1.32931e+06
6e33d2ec,1.33074e+06
6e33d2f2,1.27763e+06
6e33d37c,1.37251e+06
6e33d41f,1.29898e+06
6e33d424,1.51765e+06
6e33d439,1.21214e+06
6e33d44c,1.21059e+06
6e33d4b6,1.33282e+06
6e33d534,1.40971e+06
6e33d540,1.47755e+06
6e33d56c,1.39855e+06
6e33d5d0,1.37441e+06
6e33d5f0,1.32277e+06
6e33d604,1.17819e+06
6e33d619,1.34501e+06
6e33d643,1.16121e+06
6e33d66e,1.47785e+06
6e33d6a7,1.30652e+06
6e33d6e1,1.36847e+06
6e33d731,1.28457e+06
6e33d7cd,1.36497e+06
6e33d820,1.30171e+06
6e33d876,1.29003e+06
6e33d883,1.44409e+06
6e33d915,1.03255e+06
6e33d92f,1.13122e+06
6e33d945,1.42879e+06
6e33da04,1.32327e+06
6e33da95,1.14453e+06
6e33daa6,1.48202e+06
6e33dad4,1.19811e+06
6e33db0d,1.34558e+06
6e33db50,969027.0
6e33db93,1.39681e+06
6e33dc17,851254.0
6e33dc45,974335.0
6e33dc9b,1.38695e+06
6e33dcbf,1.39494e+06
6e33de9b,1.53983e+06
6e33def0,1.45315e+06
6e33def6,869654.0
6e33df04,1.40428e+06
6e33df39,1.22407e+06
6e33df68,1.31272e+06
6e33dfb6,1.45801e+06
6e33dfbc,1.38483e+06
6e33dfd2,1.30937e+06
6e33dfe6,1.56689e+06
6e33e047,1.19209e+06
6e33e05a,1.40141e+06
6e33e0d7,1.41709e+06
6e33e103,1.09335e+06
6e33e140,1.10666e+06
6e33e247,1.15409e+06
6e33e259,1.54114e+06
6e33e2ba,1.35834e+06
6e33e2da,1.29992e+06
6e33e2e3,1.32011e+06
6e33e307,1.46887e+06
6e33e342,1.05814e+06
6e33e3c7,1.14802e+06
6e33e3d8,1.21087e+06
6e33e3e4,1.29028e+06
6e33e3ea,1.37198e+06
6e33e401,1.22407e+06
6e33e447,1.30931e+06
6e33e4a1,1.55914e+06
6e33e511,1.47774e+06
6e33e52e,1.26798e+06
6e33e540,1.4886e+06
6e33e55e,1.35767e+06
6e33e5aa,1.45826e+06
6e33e5b3,1.46949e+06
6e33e688,1.48393e+06
6e33e694,1.3887e+06
6e33e6bb,1.4922e+06
6e33e824,1.35263e+06
6e33e877,1.1298e+06
6e33e8bd,1.29925e+06
6e33e8e9,1.4903e+06
6e33e8f5,1.42405e+06
6e33e911,965289.0
6e33e973,1.3223e+06
6e33e9c6,1.18756e+06
6e33e9de,1.28721e+06
6e33ea29,1.2427e+06
6e33ea47,922567.0
6e33ea5d,1.51209e+06
6e33ea69,1.36991e+06
6e33ead0,1.36643e+06
6e33eaec,1.39728e+06
6e33eb08,1.40669e+06
6e33eb20,1.29301e+06
6e33eb22,1.39561e+06
6e33eb63,1.47807e+06
6e33eb91,1.51026e+06
6e33ebd0,1.43878e+06
6e33ec19,1.32721e+06
6e33ec61,1.45443e+06
6e33ecdb,1.3311e+06
6e33ecec,1.26096e+06
6e33ed14,1.21983e+06
6e33ed19,1.26159e+06
6e33ed32,1.39472e+06
6e33ed55,1.10755e+06
6e33ed58,1.44351e+06
6e33edab,1.39792e+06
6e33edc9,1.37556e+06
6e33ee00,1.48578e+06
6e33ee41,1.32741e+06
6e33ee51,1.19725e+06
6e33ee9f,1.1026e+06
6e33eec6,1.45903e+06
6e33ef55,1.26689e+06
6e33ef63,1.34671e+06
6e33ef71,1.32423e+06
6e33ef93,1.48258e+06
6e33efcc,1.08236e+06
6e33efdd,1.485e+06
6e33efee,1.10484e+06
6e33eff3,1.40545e+06
6e33f016,1.27493e+06
6e33f084,938031.0
6e33f089,1.16666e+06
6e33f095,1.10925e+06
6e33f0a5,1.29501e+06
6e33f0d2,1.30398e+06
6e33f125,996597.0
6e33f1a3,1.43934e+06
6e33f1bd,1.14231e+06
6e33f1cf,1.31917e+06
6e33f215,1.17387e+06
6e33f22f,1.57806e+06
6e33f2e0,1.27989e+06
6e33f2e4,1.43483e+06
6e33f2ef,1.2379e+06
6e33f321,1.4515e+06
6e33f3bd,1.32805e+06
6e33f47d,1.37041e+06
6e33f4f2,1.26838e+06
6e33f502,981286.0
6e33f55c,1.39353e+06
6e33f560,1.51446e+06
6e33f5ac,1.21839e+06
6e33f5b8,1.24301e+06
6e33f691,1.36581e+06
6e33f6c8,1.53835e+06
6e33f6e2,1.41096e+06
6e33f6f7,1.22869e+06
6e33f718,1.2578e+06
6e33f72b,1.39391e+06
6e33f781,1.51672e+06
6e33f7b3,1.26396e+06
6e33f840,1.32715e+06
6e33f848,1.44223e+06
6e33f8b1,1.44557e+06
6e33f906,1.51543e+06
6e33f91d,1.45918e+06
6e33f934,1.37848e+06
6e33f9ae,1.18156e+06
6e33f9ee,1.31964e+06
6e33f9fe,1.28479e+06
6e33fa16,1.16091e+06
6e33fa31,1.21398e+06
6e33fa47,1.10847e+06
6e33fa58,1.07098e+06
6e33fa72,1.18019e+06
6e33fabb,1.51085e+06
6e33fae5,1.27362e+06
6e33fb4c,1.63266e+06
6e33fb5f,873190.0
6e33fb67,1.39482e+06
6e33fb7d,1.20303e+06
6e33fbe8,942692.0
6e33fbea,811726.0
6e33fc3b,1.56591e+06
6e33fc4b,1.28623e+06
6e33fc50,979113.0
6e33fcb0,1.3586e+06
6e33fcef,1.47937e+06
6e33fd0d,1.25446e+06
6e33fd1b,918051.0
6e33fd51,1.44968e+06
6e33fd85,1.22022e+06
6e33fd87,1.43352e+06
6e33fd8e,1.48404e+06
6e33fdac,1.4315e+06
6e33fdc6,1.2883e+06
6e33fdda,1.40459e+06
6e33fde1,1.34232e+06
6e33fdf7,1.48646e+06
6e33fe42,1.35028e+06
6e33fe91,1.39636e+06
6e33feb3,1.35544e+06
6e33ff10,1.45418e+06
6e33ff3f,1.39712e+06
6e33ff49,986078.0
6e33ff53,972930.0
6e33ff6c,1.46374e+06
6e33ffd0,1.29602e+06
6e33fff6,1.24076e+06
6e340075,1.19444e+06
6e3400ae,1.2186e+06
6e3400cd,1.21876e+06
6e3400e0,1.12686e+06
6e340134,1.16072e+06
6e340146,1.07394e+06
6e340186,1.284e+06
6e340199,1.18058e+06
6e3401bb,1.15701e+06
6e3401c9,1.39886e+06
6e3401cf,1.19215e+06
6e3401fd,1.23416e+06
6e340221,1.52054e+06
6e340269,1.48666e+06
6e340290,1.31315e+06
6e3402ea,1.1507e+06
6e340302,1.28199e+06
6e34040e,1.42473e+06
6e34042b,1.28797e+06
6e340441,1.45682e+06
6e340485,1.44707e+06
6e340508,1.17362e+06
6e340547,1.2577e+06
6e340559,1.43407e+06
6e340598,1.27474e+06
6e3405ec,1.31715e+06
6e340674,920368.0
