House ID,Golden Grains
6e33d031,1165100.0
6e33d037,1451030.0
6e33d03d,1543220.0
6e33d043,1449250.0
6e33d045,1397560.0
6e33d049,1298140.0
6e33d04d,1304960.0
6e33d051,1200590.0
6e33d053,1134650.0
6e33d055,1164250.0
6e33d05b,1070110.0
6e33d05f,1213400.0
6e33d062,1388990.0
6e33d065,1597190.0
6e33d067,1351910.0
6e33d06b,1311680.0
6e33d071,1432150.0
6e33d075,1227930.0
6e33d07a,1370800.0
6e33d080,1128020.0
6e33d083,1292910.0
6e33d089,1202240.0
6e33d08b,1461070.0
6e33d08e,1130920.0
6e33d090,1304390.0
6e33d095,1432190.0
6e33d098,1223990.0
6e33d09a,1134050.0
6e33d09d,1460590.0
6e33d0a0,1325370.0
6e33d0a5,1081450.0
6e33d0a8,1345440.0
6e33d0ac,1430530.0
6e33d0b1,1350970.0
6e33d0b5,1085730.0
6e33d0ba,1459630.0
6e33d0bc,1259960.0
6e33d0c2,1428300.0
6e33d0c6,1274050.0
6e33d0cc,1467290.0
6e33d0d1,1322660.0
6e33d0d3,1518620.0
6e33d0d5,1428710.0
6e33d0d7,855660.0
6e33d0dc,1503270.0
6e33d0e0,1099050.0
6e33d0e2,1320930.0
6e33d0e4,1397600.0
6e33d0e6,1293010.0
6e33d0ea,1177610.0
6e33d0ee,1415730.0
6e33d0f4,1253790.0
6e33d0f8,1337490.0
6e33d0fd,1487340.0
6e33d100,1200120.0
6e33d103,1176410.0
6e33d108,1151980.0
6e33d10b,1521940.0
6e33d110,1133150.0
6e33d112,1046590.0
6e33d117,1504310.0
6e33d11c,1483850.0
6e33d122,1252400.0
6e33d127,1103680.0
6e33d12c,1322520.0
6e33d130,1271700.0
6e33d136,1522920.0
6e33d13a,1474540.0
6e33d13e,1420050.0
6e33d141,1309080.0
6e33d147,1387050.0
6e33d14b,1405050.0
6e33d14e,1036080.0
6e33d151,1015140.0
6e33d154,1309340.0
6e33d159,1261210.0
6e33d15f,1431660.0
6e33d162,1252130.0
6e33d168,1312670.0
6e33d16d,1207450.0
6e33d16f,1379030.0
6e33d172,1476240.0
6e33d175,1230610.0
6e33d17b,889266.0
6e33d181,1398050.0
6e33d184,1362810.0
6e33d186,1349910.0
6e33d18b,1489680.0
6e33d191,1206800.0
6e33d193,1382790.0
6e33d197,1429860.0
6e33d19b,1469940.0
6e33d19f,1236210.0
6e33d1a3,1305670.0
6e33d1a7,1189450.0
6e33d1ad,1396420.0
6e33d1b1,1323890.0
6e33d1b5,1428410.0
6e33d1b9,1276770.0
6e33d1bb,1372790.0
6e33d1bf,1194810.0
6e33d1c4,1421280.0
6e33d1c7,1393140.0
6e33d1cb,1490020.0
6e33d1cd,1317580.0
6e33d1d3,1264240.0
6e33d1d9,1425520.0
6e33d1dd,1197660.0
6e33d1e1,1456830.0
6e33d1e3,1026170.0
6e33d1e8,1247280.0
6e33d1ec,1208780.0
6e33d1f2,1350230.0
6e33d1f6,1276850.0
6e33d1fa,1343870.0
6e33d1ff,1412820.0
6e33d205,975723.0
6e33d207,1251160.0
6e33d209,1574080.0
6e33d20e,1411880.0
6e33d210,1242250.0
6e33d216,1135860.0
6e33d219,1161310.0
6e33d21d,1124280.0
6e33d221,1153230.0
6e33d227,1244030.0
6e33d22a,1228650.0
6e33d22e,1345760.0
6e33d230,1136150.0
6e33d234,1449620.0
6e33d239,909497.0
6e33d23e,1384530.0
6e33d241,1263590.0
6e33d244,1366130.0
6e33d247,1337270.0
6e33d24b,1425990.0
6e33d251,1013940.0
6e33d253,1296990.0
6e33d256,1145580.0
6e33d25c,1364740.0
6e33d25f,1336060.0
6e33d262,1234740.0
6e33d266,1361910.0
6e33d26b,1378000.0
6e33d26d,1557580.0
6e33d26f,1514380.0
6e33d274,1372700.0
6e33d278,1256350.0
6e33d27e,901913.0
6e33d281,1422650.0
6e33d286,1344070.0
6e33d28a,1436460.0
6e33d28e,1375970.0
6e33d293,1365080.0
6e33d298,1492590.0
6e33d29a,1423240.0
6e33d29c,1145070.0
6e33d29e,1186550.0
6e33d2a1,1443070.0
6e33d2a5,1116240.0
6e33d2ab,1239510.0
6e33d2b1,1231890.0
6e33d2b6,1569290.0
6e33d2bc,1295270.0
6e33d2c0,1315130.0
6e33d2c4,1112270.0
6e33d2c6,987702.0
6e33d2cb,1452890.0
6e33d2d0,1237040.0
6e33d2d5,1209580.0
6e33d2db,1458920.0
6e33d2e1,1332710.0
6e33d2e7,993032.0
6e33d2ea,1077890.0
6e33d2ec,1338590.0
6e33d2f2,1291770.0
6e33d2f4,1460650.0
6e33d2fa,1159970.0
6e33d2fe,1334790.0
6e33d303,1435110.0
6e33d309,1318250.0
6e33d30f,1317430.0
6e33d312,1362700.0
6e33d314,1188590.0
6e33d31a,980339.0
6e33d31e,1217080.0
6e33d320,1152580.0
6e33d326,1304360.0
6e33d329,1431800.0
6e33d32f,1193720.0
6e33d333,1469200.0
6e33d339,1399770.0
6e33d33e,1457290.0
6e33d340,1177850.0
6e33d344,1410770.0
6e33d34a,1059050.0
6e33d34f,1411600.0
6e33d353,1116300.0
6e33d359,1136250.0
6e33d35f,1290150.0
6e33d362,1311780.0
6e33d366,1467620.0
6e33d368,1430570.0
6e33d36e,1532580.0
6e33d371,1437010.0
6e33d376,1094920.0
6e33d37c,1379920.0
6e33d381,1430510.0
6e33d383,1299190.0
6e33d388,1382560.0
6e33d38b,1185570.0
6e33d38d,1449980.0
6e33d38f,903089.0
6e33d393,1335810.0
6e33d399,1303980.0
6e33d39d,1549180.0
6e33d3a2,1381340.0
6e33d3a7,1357290.0
6e33d3ab,960505.0
6e33d3af,1272480.0
6e33d3b5,1038580.0
6e33d3bb,1288560.0
6e33d3be,1083720.0
6e33d3c2,1480090.0
6e33d3c6,1411610.0
6e33d3ca,1143670.0
6e33d3cf,1190990.0
6e33d3d2,1390760.0
6e33d3d8,1394010.0
6e33d3de,1360530.0
6e33d3e0,1441760.0
6e33d3e6,1341320.0
6e33d3e8,1524790.0
6e33d3ee,1394830.0
6e33d3f0,1335390.0
6e33d3f3,1422430.0
6e33d3f5,1192230.0
6e33d3f7,1601780.0
6e33d3fd,1236400.0
6e33d402,1157020.0
6e33d405,1162070.0
6e33d408,1540700.0
6e33d40a,1531610.0
6e33d40c,1310900.0
6e33d40f,1448070.0
6e33d413,1336790.0
6e33d416,1470320.0
6e33d419,1236410.0
6e33d41f,1384890.0
6e33d424,1509420.0
6e33d429,1614950.0
6e33d42f,1398950.0
6e33d433,1389880.0
6e33d439,1224090.0
6e33d43d,1309470.0
6e33d441,1195250.0
6e33d443,1074530.0
6e33d445,1423660.0
6e33d449,1343520.0
6e33d44c,1213950.0
6e33d450,1129540.0
6e33d456,1296390.0
6e33d45b,1596970.0
6e33d45f,1393790.0
6e33d461,1126160.0
6e33d466,1170020.0
6e33d46c,1280910.0
6e33d46f,1184480.0
6e33d471,1233800.0
6e33d473,1133490.0
6e33d478,1080780.0
6e33d47c,1475360.0
6e33d47e,1269370.0
6e33d482,1251330.0
6e33d486,1348200.0
6e33d489,1503180.0
6e33d48d,1162740.0
6e33d48f,1345450.0
6e33d491,1421690.0
6e33d496,1039540.0
6e33d49b,1102420.0
6e33d4a1,1510730.0
6e33d4a7,1055830.0
6e33d4ad,1517050.0
6e33d4af,1308200.0
6e33d4b3,1229660.0
6e33d4b6,1367470.0
6e33d4bc,1047820.0
6e33d4c0,1440980.0
6e33d4c4,1200950.0
6e33d4c9,1270840.0
6e33d4cd,876966.0
6e33d4d0,1192880.0
6e33d4d6,1422930.0
6e33d4d8,1464730.0
6e33d4dd,1087100.0
6e33d4df,1506840.0
6e33d4e2,1341030.0
6e33d4e6,1461860.0
6e33d4eb,1397230.0
6e33d4ef,1384250.0
6e33d4f1,1192650.0
6e33d4f7,1073330.0
6e33d4fb,1192680.0
6e33d4fd,1423980.0
6e33d4ff,1461020.0
6e33d501,1495620.0
6e33d503,1251440.0
6e33d508,1544100.0
6e33d50d,1415230.0
6e33d513,1503140.0
6e33d517,1343970.0
6e33d51b,1279040.0
6e33d521,1241620.0
6e33d527,1371130.0
6e33d52a,1475700.0
6e33d52e,1344980.0
6e33d534,1474520.0
6e33d536,1310430.0
6e33d53b,1518670.0
6e33d540,1439440.0
6e33d546,1382500.0
6e33d54a,1278240.0
6e33d54d,1406410.0
6e33d553,1621450.0
6e33d556,1452180.0
6e33d55b,1374820.0
6e33d560,1203790.0
6e33d566,1423590.0
6e33d56c,1360900.0
6e33d56f,1344160.0
6e33d573,1035440.0
6e33d578,1595210.0
6e33d57a,1367450.0
6e33d57d,1482160.0
6e33d581,1213190.0
6e33d586,1442700.0
6e33d589,1069850.0
6e33d58e,1299460.0
6e33d590,1449680.0
6e33d594,1431970.0
6e33d598,1314670.0
6e33d59c,1333420.0
6e33d5a0,1454570.0
6e33d5a5,1379280.0
6e33d5aa,1519920.0
6e33d5ad,1473330.0
6e33d5b2,1331200.0
6e33d5b5,1159010.0
6e33d5b9,1335070.0
6e33d5bf,1389870.0
6e33d5c4,1323740.0
6e33d5c6,1315160.0
6e33d5c9,1393570.0
6e33d5ce,1429920.0
6e33d5d0,1361190.0
6e33d5d4,1243560.0
6e33d5d6,1627620.0
6e33d5dc,1281630.0
6e33d5e2,1382130.0
6e33d5e5,1276780.0
6e33d5e7,1384890.0
6e33d5eb,1473870.0
6e33d5ee,1247800.0
6e33d5f0,1261970.0
6e33d5f6,1077360.0
6e33d5fc,1604110.0
6e33d600,1361190.0
6e33d604,1141450.0
6e33d607,1497150.0
6e33d60d,1358820.0
6e33d610,1379660.0
6e33d616,1498150.0
6e33d619,1313760.0
6e33d61c,1384970.0
6e33d620,1245490.0
6e33d623,826825.0
6e33d626,1387680.0
6e33d62a,1317310.0
6e33d62c,1356970.0
6e33d62e,1071560.0
6e33d632,1309960.0
6e33d634,1434440.0
6e33d637,1174450.0
6e33d63d,1485570.0
6e33d643,1243120.0
6e33d645,1358610.0
6e33d64a,1512500.0
6e33d64e,1378540.0
6e33d651,1312990.0
6e33d656,1382350.0
6e33d659,881980.0
6e33d65b,1302200.0
6e33d65e,1193040.0
6e33d660,1342260.0
6e33d666,1339680.0
6e33d669,1350400.0
6e33d66e,1418960.0
6e33d673,1262330.0
6e33d679,1285540.0
6e33d67b,1267010.0
6e33d681,1458590.0
6e33d685,1541070.0
6e33d687,1248110.0
6e33d68b,1278300.0
6e33d68d,1522990.0
6e33d68f,1277700.0
6e33d694,1431240.0
6e33d699,1378300.0
6e33d69c,1462460.0
6e33d69f,1297010.0
6e33d6a2,1086810.0
6e33d6a4,1394600.0
6e33d6a7,1379810.0
6e33d6ad,1398510.0
6e33d6af,1313000.0
6e33d6b5,1491970.0
6e33d6ba,1406010.0
6e33d6c0,1372020.0
6e33d6c2,1213300.0
6e33d6c8,979290.0
6e33d6cb,1419060.0
6e33d6cd,874480.0
6e33d6d3,1248570.0
6e33d6d6,1414700.0
6e33d6db,1268100.0
6e33d6e1,1342270.0
6e33d6e6,1500030.0
6e33d6ec,1329040.0
6e33d6ee,1391910.0
6e33d6f4,1417840.0
6e33d6f9,1238460.0
6e33d6fb,1272790.0
6e33d701,1354550.0
6e33d707,1190020.0
6e33d70c,1407810.0
6e33d711,1293150.0
6e33d717,1387760.0
6e33d719,1090390.0
6e33d71f,1338930.0
6e33d723,1260010.0
6e33d729,1240340.0
6e33d72e,1316950.0
6e33d731,1284000.0
6e33d734,1030160.0
6e33d738,1236490.0
6e33d73c,1394420.0
6e33d73e,1234250.0
6e33d744,1419070.0
6e33d748,1321530.0
6e33d74a,1437950.0
6e33d74c,1131600.0
6e33d750,1165970.0
6e33d756,1143640.0
6e33d75b,911443.0
6e33d761,1435770.0
6e33d767,1170750.0
6e33d76d,1343710.0
6e33d76f,1273390.0
6e33d773,1455460.0
6e33d778,1461310.0
6e33d77e,1456000.0
6e33d781,1406920.0
6e33d787,1485360.0
6e33d78d,1205270.0
6e33d792,1572370.0
6e33d797,1323960.0
6e33d799,1428810.0
6e33d79c,1338760.0
6e33d7a0,1038010.0
6e33d7a6,1219140.0
6e33d7a9,1434370.0
6e33d7ae,1339930.0
6e33d7b1,1289030.0
6e33d7b7,1462150.0
6e33d7ba,1366380.0
6e33d7be,1373730.0
6e33d7c3,1500650.0
6e33d7c7,1186520.0
6e33d7cd,1419740.0
6e33d7d2,1462610.0
6e33d7d8,1343110.0
6e33d7dd,1273350.0
6e33d7e0,1261410.0
6e33d7e5,1300360.0
6e33d7e9,1440880.0
6e33d7ec,1429780.0
6e33d7ee,1319180.0
6e33d7f4,876229.0
6e33d7f7,1276900.0
6e33d7fb,1097670.0
6e33d7fe,1351170.0
6e33d801,1351800.0
6e33d805,1223600.0
6e33d808,1468600.0
6e33d80a,1193540.0
6e33d80c,1262320.0
6e33d811,1444470.0
6e33d817,1289040.0
6e33d81a,725967.0
6e33d820,1313380.0
6e33d822,1318230.0
6e33d825,1429520.0
6e33d827,1362420.0
6e33d829,1328010.0
6e33d82c,1350540.0
6e33d82f,1153920.0
6e33d833,1450510.0
6e33d838,930348.0
6e33d83a,1065670.0
6e33d83c,1283710.0
6e33d840,1388270.0
6e33d842,1189950.0
6e33d846,1340410.0
6e33d849,1441760.0
6e33d84d,1302400.0
6e33d851,1277220.0
6e33d856,1181160.0
6e33d85c,1462580.0
6e33d85f,1524670.0
6e33d863,1473740.0
6e33d865,1259080.0
6e33d869,1304300.0
6e33d86b,1227490.0
6e33d86f,1416850.0
6e33d871,1464280.0
6e33d873,1416010.0
6e33d876,1304690.0
6e33d87b,1269900.0
6e33d87f,1334960.0
6e33d883,1457760.0
6e33d889,1247890.0
6e33d88c,1541420.0
6e33d892,1427910.0
6e33d895,1281070.0
6e33d89b,1255140.0
6e33d89e,1220370.0
6e33d8a1,1412580.0
6e33d8a3,1134340.0
6e33d8a6,1511180.0
6e33d8ab,992784.0
6e33d8ad,1098300.0
6e33d8b0,1295000.0
6e33d8b4,1191240.0
6e33d8b9,1218950.0
6e33d8bc,1335150.0
6e33d8bf,1424620.0
6e33d8c3,1436460.0
6e33d8c5,1037890.0
6e33d8ca,1243390.0
6e33d8cd,1382910.0
6e33d8d2,1395030.0
6e33d8d4,1306200.0
6e33d8d6,1201020.0
6e33d8dc,1466920.0
6e33d8e2,1031690.0
6e33d8e8,1413590.0
6e33d8ed,1095780.0
6e33d8f3,1377010.0
6e33d8f9,1311520.0
6e33d8ff,1174190.0
6e33d905,1115560.0
6e33d908,1684300.0
6e33d90a,1157810.0
6e33d90e,1369590.0
6e33d911,1248760.0
6e33d915,1094120.0
6e33d918,1164440.0
6e33d91a,1170180.0
6e33d91f,1426460.0
6e33d925,1196160.0
6e33d927,1270650.0
6e33d92d,1531990.0
6e33d92f,1211630.0
6e33d934,1128980.0
6e33d938,1246080.0
6e33d93c,1154290.0
6e33d93f,1503740.0
6e33d945,1417980.0
6e33d948,1336910.0
6e33d94a,1172480.0
6e33d94d,1245590.0
6e33d94f,1449370.0
6e33d951,1346600.0
6e33d957,1399140.0
6e33d95d,1582950.0
6e33d960,1130890.0
6e33d964,1219870.0
6e33d967,1499130.0
6e33d96b,1301580.0
6e33d970,1374440.0
6e33d976,1076300.0
6e33d978,1338070.0
6e33d97e,986852.0
6e33d981,1643540.0
6e33d985,1006720.0
6e33d98a,1253870.0
6e33d98e,1265060.0
6e33d991,1355840.0
6e33d996,896387.0
6e33d99a,1411450.0
6e33d99e,1360200.0
6e33d9a2,1467640.0
6e33d9a4,1428870.0
6e33d9aa,1054030.0
6e33d9af,1320950.0
6e33d9b5,1434090.0
6e33d9b8,1428960.0
6e33d9bd,1394710.0
6e33d9c2,1543910.0
6e33d9c6,1481200.0
6e33d9c9,1483930.0
6e33d9ce,1059190.0
6e33d9d3,1368400.0
6e33d9d8,1257260.0
6e33d9dd,1545010.0
6e33d9e3,885448.0
6e33d9e9,1252420.0
6e33d9eb,1223240.0
6e33d9f1,1236260.0
6e33d9f6,978183.0
6e33d9f9,1420280.0
6e33d9ff,1354380.0
6e33da04,1326200.0
6e33da06,1489110.0
6e33da08,1367960.0
6e33da0c,1198890.0
6e33da12,1178070.0
6e33da18,1308970.0
6e33da1e,1375750.0
6e33da24,1565780.0
6e33da26,1146000.0
6e33da29,1367560.0
6e33da2c,939275.0
6e33da30,1297340.0
6e33da35,1465700.0
6e33da3b,1538240.0
6e33da41,1144530.0
6e33da46,1465210.0
6e33da49,1126650.0
6e33da4e,1543810.0
6e33da50,1287030.0
6e33da52,1420110.0
6e33da57,1198540.0
6e33da59,1432210.0
6e33da5e,1346540.0
6e33da60,1000560.0
6e33da63,1381200.0
6e33da65,1255070.0
6e33da68,1381620.0
6e33da6d,1329480.0
6e33da6f,1466060.0
6e33da75,1151800.0
6e33da7a,1392740.0
6e33da7f,1417900.0
6e33da81,1143720.0
6e33da86,1112130.0
6e33da89,1239540.0
6e33da8e,1100640.0
6e33da93,1491950.0
6e33da95,1110300.0
6e33da99,1274600.0
6e33da9c,1439900.0
6e33daa2,1037120.0
6e33daa6,1497100.0
6e33daa9,1200020.0
6e33daaf,1364420.0
6e33dab1,1227300.0
6e33dab3,1420690.0
6e33dab8,1321770.0
6e33dabc,1294070.0
6e33dabe,1306430.0
6e33dac1,1078570.0
6e33dac5,1493250.0
6e33dac7,1059110.0
6e33dacd,1466720.0
6e33dad0,1492940.0
6e33dad4,1265220.0
6e33dad7,988771.0
6e33dada,1274610.0
6e33dadd,1250730.0
6e33dae1,1267780.0
6e33dae6,1240630.0
6e33dae9,1340540.0
6e33daef,1320430.0
6e33daf1,1188540.0
6e33daf4,1407010.0
6e33daf7,1171220.0
6e33daf9,1332640.0
6e33dafb,1220950.0
6e33db01,1369280.0
6e33db06,1148400.0
6e33db09,1316560.0
6e33db0d,1405070.0
6e33db0f,1519260.0
6e33db12,1282040.0
6e33db18,1528970.0
6e33db1d,1459680.0
6e33db22,1318410.0
6e33db28,1500690.0
6e33db2a,1325940.0
6e33db2e,1438940.0
6e33db34,1576950.0
6e33db38,1244690.0
6e33db3e,1231480.0
6e33db41,1394730.0
6e33db43,1465180.0
6e33db49,958630.0
6e33db4b,1490120.0
6e33db50,1043580.0
6e33db54,1437670.0
6e33db56,1230490.0
6e33db58,1128270.0
6e33db5b,1181480.0
6e33db61,999916.0
6e33db64,1181320.0
6e33db66,1348840.0
6e33db6a,1276250.0
6e33db6e,1408860.0
6e33db71,1465680.0
6e33db75,1248750.0
6e33db79,1426860.0
6e33db7c,1251170.0
6e33db7f,1344830.0
6e33db82,1438030.0
6e33db87,1210520.0
6e33db8a,1243180.0
6e33db8f,1229860.0
6e33db93,1383810.0
6e33db98,1479920.0
6e33db9a,1214940.0
6e33db9c,1490720.0
6e33db9e,1272280.0
6e33dba0,1564560.0
6e33dba2,893857.0
6e33dba5,1469680.0
6e33dbab,1355630.0
6e33dbaf,1503300.0
6e33dbb1,1447750.0
6e33dbb7,1292280.0
6e33dbbd,1011080.0
6e33dbbf,1528500.0
6e33dbc2,1349500.0
6e33dbc5,1118760.0
6e33dbcb,1316460.0
6e33dbcf,1202830.0
6e33dbd2,1255660.0
6e33dbd8,1568110.0
6e33dbdc,1476940.0
6e33dbe2,1521020.0
6e33dbe8,1473140.0
6e33dbee,1291760.0
6e33dbf2,1342620.0
6e33dbf4,1225530.0
6e33dbf7,1220560.0
6e33dbfc,1166380.0
6e33dc02,1489430.0
6e33dc06,1432590.0
6e33dc0b,1212490.0
6e33dc0e,1385040.0
6e33dc13,1286450.0
6e33dc17,915692.0
6e33dc1d,1409230.0
6e33dc21,1305980.0
6e33dc23,1320170.0
6e33dc28,1031370.0
6e33dc2a,1411330.0
6e33dc2d,1298290.0
6e33dc30,1264920.0
6e33dc32,1361580.0
6e33dc38,1380020.0
6e33dc3a,1347940.0
6e33dc3c,1307600.0
6e33dc3f,1387930.0
6e33dc41,1501290.0
6e33dc45,998182.0
6e33dc47,1021600.0
6e33dc4d,1116100.0
6e33dc52,1377820.0
6e33dc57,1387920.0
6e33dc5a,1206330.0
6e33dc60,1347480.0
6e33dc62,1031080.0
6e33dc65,1446800.0
6e33dc6b,1472880.0
6e33dc6e,1114300.0
6e33dc71,1269100.0
6e33dc77,1248970.0
6e33dc7d,1406810.0
6e33dc80,1330320.0
6e33dc84,1193630.0
6e33dc89,1368840.0
6e33dc8e,1479350.0
6e33dc93,1101970.0
6e33dc97,1435170.0
6e33dc9b,1398250.0
6e33dc9f,1368650.0
6e33dca4,1384450.0
6e33dca8,1482140.0
6e33dcae,1401160.0
6e33dcb3,1223610.0
6e33dcb7,1153710.0
6e33dcbb,1314450.0
6e33dcbd,1270380.0
6e33dcbf,1324880.0
6e33dcc2,1392140.0
6e33dcc8,1052500.0
6e33dccb,1336680.0
6e33dccd,1544850.0
6e33dcd2,1026810.0
6e33dcd8,1242170.0
6e33dcde,1204820.0
6e33dce3,1329860.0
6e33dce6,1187940.0
6e33dce9,1172970.0
6e33dced,1412040.0
6e33dcf2,1458920.0
6e33dcf5,1322260.0
6e33dcfb,1362440.0
6e33dd01,1220050.0
6e33dd03,1175350.0
6e33dd07,1446220.0
6e33dd0a,1070990.0
6e33dd0d,848318.0
6e33dd0f,1196170.0
6e33dd11,1455150.0
6e33dd13,1475020.0
6e33dd16,1179790.0
6e33dd1b,1312280.0
6e33dd1f,1337470.0
6e33dd25,1365300.0
6e33dd28,963346.0
6e33dd2e,1401300.0
6e33dd32,1248790.0
6e33dd37,1420900.0
6e33dd3a,1197310.0
6e33dd3f,1423680.0
6e33dd45,1334230.0
6e33dd4a,1455530.0
6e33dd50,1243420.0
6e33dd52,1421410.0
6e33dd58,1459440.0
6e33dd5d,1509570.0
6e33dd63,1536300.0
6e33dd66,1139000.0
6e33dd69,1270870.0
6e33dd6b,1441750.0
6e33dd6f,1274240.0
6e33dd73,1328470.0
6e33dd75,1425700.0
6e33dd7a,1263740.0
6e33dd7e,1437550.0
6e33dd84,1394380.0
6e33dd86,1426990.0
6e33dd8a,1424570.0
6e33dd8e,1246410.0
6e33dd92,1165860.0
6e33dd95,1258240.0
6e33dd9b,1284910.0
6e33dda1,1085220.0
6e33dda6,1031490.0
6e33dda9,1461680.0
6e33ddab,1424760.0
6e33ddb1,1355860.0
6e33ddb3,1446850.0
6e33ddb8,1521900.0
6e33ddbd,1363870.0
6e33ddc2,968890.0
6e33ddc4,1358450.0
6e33ddc7,1447020.0
6e33ddca,1372240.0
6e33ddce,1406650.0
6e33ddd0,899139.0
6e33ddd5,1523340.0
6e33ddda,1078260.0
6e33dddc,1338090.0
6e33ddde,1435340.0
6e33dde1,1246850.0
6e33dde7,1296360.0
6e33ddea,1509290.0
6e33ddf0,1103750.0
6e33ddf6,1408150.0
6e33ddf9,842646.0
6e33ddfc,1317480.0
6e33de00,1375020.0
6e33de02,1021260.0
6e33de04,1184910.0
6e33de0a,1257820.0
6e33de0e,1511140.0
6e33de10,1168710.0
6e33de16,1329080.0
6e33de18,1291400.0
6e33de1d,1298360.0
6e33de22,1265270.0
6e33de24,1432230.0
6e33de2a,1371600.0
6e33de2f,1472310.0
6e33de35,1428010.0
6e33de3a,1417080.0
6e33de3e,1415820.0
6e33de42,1514180.0
6e33de47,1150410.0
6e33de4b,1625500.0
6e33de4e,1384620.0
6e33de54,878764.0
6e33de56,1590730.0
6e33de58,1082480.0
6e33de5a,1383790.0
6e33de5c,995054.0
6e33de61,1517280.0
6e33de65,1420200.0
6e33de6a,1272510.0
6e33de6e,1345880.0
6e33de70,1298940.0
6e33de76,1299720.0
6e33de7b,910915.0
6e33de80,1519820.0
6e33de85,1398550.0
6e33de88,1045370.0
6e33de8e,1409160.0
6e33de91,1478150.0
6e33de95,1250030.0
6e33de97,1406360.0
6e33de9b,1504730.0
6e33dea1,1416600.0
6e33dea5,1198130.0
6e33dea8,1009240.0
6e33deaa,1191180.0
6e33dead,1178590.0
6e33deb3,1457620.0
6e33deb9,1119930.0
6e33debd,1489010.0
6e33dec1,1080580.0
6e33dec4,1586550.0
6e33dec9,1244890.0
6e33decc,1460080.0
6e33ded2,1369060.0
6e33ded7,1501790.0
6e33dedb,1249040.0
6e33dede,1546420.0
6e33dee2,1380520.0
6e33dee6,1206040.0
6e33deec,1316960.0
6e33def0,1423440.0
6e33def6,860742.0
6e33def8,1325130.0
6e33defc,1323620.0
6e33df02,1414390.0
6e33df04,1419080.0
6e33df07,1371990.0
6e33df0c,1264510.0
6e33df0f,1470900.0
6e33df14,1518880.0
6e33df19,1289670.0
6e33df1f,1297900.0
6e33df25,1379100.0
6e33df29,1329870.0
6e33df2e,1333350.0
6e33df33,1492350.0
6e33df35,1225660.0
6e33df39,1230820.0
6e33df3d,855231.0
6e33df41,1496220.0
6e33df45,989342.0
6e33df4a,1371550.0
6e33df4e,1454100.0
6e33df54,1343160.0
6e33df58,1186590.0
6e33df5c,893549.0
6e33df62,1335100.0
6e33df64,1483340.0
6e33df68,1382860.0
6e33df6d,1268400.0
6e33df72,1424800.0
6e33df77,1200520.0
6e33df7a,1131440.0
6e33df7e,1082920.0
6e33df82,1528620.0
6e33df85,1323220.0
6e33df88,1295060.0
6e33df8c,1506060.0
6e33df92,1226610.0
6e33df94,1264640.0
6e33df99,1412480.0
6e33df9c,1383600.0
6e33df9e,1466780.0
6e33dfa4,1236930.0
6e33dfa6,1221830.0
6e33dfab,1285730.0
6e33dfae,1471850.0
6e33dfb2,1316540.0
6e33dfb6,1418230.0
6e33dfb8,1461180.0
6e33dfba,1156350.0
6e33dfbc,1367830.0
6e33dfbe,1405020.0
6e33dfc4,1321100.0
6e33dfc9,1469670.0
6e33dfcc,862765.0
6e33dfd2,1305720.0
6e33dfd4,1372550.0
6e33dfd7,1314290.0
6e33dfdd,1209010.0
6e33dfe1,1236960.0
6e33dfe3,1121520.0
6e33dfe6,1561260.0
6e33dfeb,1328880.0
6e33dfee,1008120.0
6e33dff4,1015970.0
6e33dffa,1189500.0
6e33e000,1365220.0
6e33e004,1379270.0
6e33e008,883087.0
6e33e00a,1147680.0
6e33e00f,1246190.0
6e33e014,1300760.0
6e33e019,1445670.0
6e33e01d,1309340.0
6e33e01f,1385690.0
6e33e023,1350500.0
6e33e027,1367700.0
6e33e02a,1277390.0
6e33e02c,1171960.0
6e33e032,1513620.0
6e33e034,1057380.0
6e33e038,1408760.0
6e33e03c,1390160.0
6e33e041,1270710.0
6e33e044,1560550.0
6e33e047,1214220.0
6e33e049,1579520.0
6e33e04c,1386490.0
6e33e04e,1346120.0
6e33e054,1009370.0
6e33e057,1305610.0
6e33e05a,1406550.0
6e33e060,1329260.0
6e33e065,1185070.0
6e33e06a,1137170.0
6e33e06c,1429280.0
6e33e071,1515190.0
6e33e075,1448630.0
6e33e07a,1071870.0
6e33e07c,1250040.0
6e33e082,1240490.0
6e33e088,1307630.0
6e33e08d,1501460.0
6e33e093,1442580.0
6e33e097,1121910.0
6e33e09d,1249060.0
6e33e09f,1140280.0
6e33e0a4,1384890.0
6e33e0a9,1176720.0
6e33e0ad,850805.0
6e33e0af,1372230.0
6e33e0b2,1160860.0
6e33e0b6,1433920.0
6e33e0ba,958830.0
6e33e0bf,1215050.0
6e33e0c1,1322590.0
6e33e0c4,1225760.0
6e33e0c8,1122250.0
6e33e0cc,1494500.0
6e33e0d0,1306090.0
6e33e0d2,1312750.0
6e33e0d7,1396470.0
6e33e0dd,1354130.0
6e33e0e1,1528860.0
6e33e0e7,1356930.0
6e33e0ec,892682.0
6e33e0f0,1310710.0
6e33e0f6,1404040.0
6e33e0fb,1482140.0
6e33e0fd,1277210.0
6e33e100,908268.0
6e33e103,1059370.0
6e33e107,1264220.0
6e33e10b,1073580.0
6e33e10e,1415840.0
6e33e112,1381400.0
6e33e118,1476700.0
6e33e11b,1255980.0
6e33e121,1458590.0
6e33e127,1277680.0
6e33e12a,1248590.0
6e33e130,1447760.0
6e33e134,1005790.0
6e33e13a,1388350.0
6e33e140,1134640.0
6e33e145,1280480.0
6e33e149,1190740.0
6e33e14b,1218300.0
6e33e14e,977192.0
6e33e150,1325710.0
6e33e156,1275090.0
6e33e158,975322.0
6e33e15c,1541870.0
6e33e15f,1265620.0
6e33e162,1447560.0
6e33e164,1396490.0
6e33e166,1415320.0
6e33e16b,1064450.0
6e33e16f,1278840.0
6e33e174,1101930.0
6e33e179,1353380.0
6e33e17d,1180170.0
6e33e17f,1241580.0
6e33e182,1300200.0
6e33e184,1433040.0
6e33e187,1409730.0
6e33e189,1445500.0
6e33e18c,1273090.0
6e33e190,1308970.0
6e33e195,1216920.0
6e33e199,1513830.0
6e33e19b,1283050.0
6e33e1a1,1215780.0
6e33e1a3,1428460.0
6e33e1a6,1466400.0
6e33e1ac,1501440.0
6e33e1b1,1176810.0
6e33e1b3,1344070.0
6e33e1b8,1280380.0
6e33e1bb,843788.0
6e33e1bf,1253220.0
6e33e1c3,1375380.0
6e33e1c6,1401300.0
6e33e1c9,1449750.0
6e33e1cc,1463390.0
6e33e1d0,1442590.0
6e33e1d4,1440870.0
6e33e1d6,1295240.0
6e33e1dc,1389600.0
6e33e1e0,1190650.0
6e33e1e4,1217920.0
6e33e1e6,1186100.0
6e33e1e9,1427460.0
6e33e1eb,1233370.0
6e33e1f0,1464980.0
6e33e1f4,1060780.0
6e33e1f8,1192550.0
6e33e1fa,1394560.0
6e33e200,1216740.0
6e33e203,1312820.0
6e33e209,1465330.0
6e33e20c,1401880.0
6e33e20f,1146950.0
6e33e214,1402170.0
6e33e218,1285440.0
6e33e21b,1391100.0
6e33e221,1307520.0
6e33e223,1239810.0
6e33e229,1373410.0
6e33e22b,1333150.0
6e33e231,1461500.0
6e33e237,1346570.0
6e33e23a,938531.0
6e33e23f,1124940.0
6e33e241,1380080.0
6e33e247,1235770.0
6e33e24b,1312460.0
6e33e250,1340290.0
6e33e254,1011300.0
6e33e259,1468660.0
6e33e25e,1403960.0
6e33e262,1429840.0
6e33e267,1504260.0
6e33e26a,1352300.0
6e33e26d,1439720.0
6e33e270,1413940.0
6e33e275,1460250.0
6e33e278,777638.0
6e33e27e,1362150.0
6e33e284,957234.0
6e33e28a,1415130.0
6e33e28c,1159180.0
6e33e292,1059610.0
6e33e297,1517740.0
6e33e299,1338730.0
6e33e29f,913069.0
6e33e2a1,1363480.0
6e33e2a7,1245440.0
6e33e2ad,1348280.0
6e33e2b1,987711.0
6e33e2b5,1047590.0
6e33e2ba,1384010.0
6e33e2be,1412290.0
6e33e2c0,1152590.0
6e33e2c6,1175340.0
6e33e2ca,1295870.0
6e33e2ce,1389600.0
6e33e2d1,1326740.0
6e33e2d3,1111230.0
6e33e2d5,1428030.0
6e33e2da,1360350.0
6e33e2dd,1135280.0
6e33e2e0,1269220.0
6e33e2e3,1317770.0
6e33e2e5,1125480.0
6e33e2ea,1389310.0
6e33e2f0,1271830.0
6e33e2f6,1390190.0
6e33e2f9,1132860.0
6e33e2fd,1241620.0
6e33e302,1460570.0
6e33e307,1490290.0
6e33e30b,1185840.0
6e33e310,1411020.0
6e33e314,1171070.0
6e33e319,1245930.0
6e33e31c,1432910.0
6e33e31e,1218490.0
6e33e324,1184030.0
6e33e329,1330140.0
6e33e32e,1501060.0
6e33e333,863786.0
6e33e338,1605080.0
6e33e33d,1339530.0
6e33e33f,1523430.0
6e33e342,1137130.0
6e33e344,1403060.0
6e33e347,1028010.0
6e33e34c,1088900.0
6e33e352,1490850.0
6e33e357,1386790.0
6e33e35d,1180850.0
6e33e361,1157340.0
6e33e365,1535280.0
6e33e36b,1300990.0
6e33e36d,1529280.0
6e33e371,1327690.0
6e33e373,1466410.0
6e33e376,1457750.0
6e33e378,1352970.0
6e33e37c,1322780.0
6e33e37f,1389730.0
6e33e383,1222640.0
6e33e385,1258830.0
6e33e38a,1426610.0
6e33e38f,928332.0
6e33e391,1530620.0
6e33e395,1315370.0
6e33e39a,1199040.0
6e33e39c,1123910.0
6e33e3a1,1228330.0
6e33e3a5,1284750.0
6e33e3ab,1344890.0
6e33e3b1,1353300.0
6e33e3b3,1366050.0
6e33e3b9,1368330.0
6e33e3bf,1462980.0
6e33e3c1,1171850.0
6e33e3c7,1187160.0
6e33e3cc,1078760.0
6e33e3d2,1402680.0
6e33e3d8,1158640.0
6e33e3dd,1064780.0
6e33e3e1,1233620.0
6e33e3e4,1263920.0
6e33e3e8,1157420.0
6e33e3ea,1295560.0
6e33e3ed,1608460.0
6e33e3ef,1296500.0
6e33e3f1,1436780.0
6e33e3f7,1382880.0
6e33e3fa,1170890.0
6e33e3ff,1439880.0
6e33e401,1169090.0
6e33e403,1291970.0
6e33e406,1428050.0
6e33e409,1429630.0
6e33e40f,1352420.0
6e33e411,1295570.0
6e33e415,1072240.0
6e33e41b,898247.0
6e33e41f,1044560.0
6e33e421,1017920.0
6e33e427,993669.0
6e33e42b,1555170.0
6e33e42d,1098690.0
6e33e42f,1511910.0
6e33e431,1415640.0
6e33e433,1330230.0
6e33e437,1275820.0
6e33e43d,1378630.0
6e33e440,1497210.0
6e33e442,1361790.0
6e33e444,1092720.0
6e33e447,1328760.0
6e33e44d,1360810.0
6e33e44f,1249220.0
6e33e453,1392510.0
6e33e458,1242500.0
6e33e45d,1077460.0
6e33e462,1301580.0
6e33e464,1424770.0
6e33e467,1402580.0
6e33e46c,1217520.0
6e33e46f,1451350.0
6e33e473,1201080.0
6e33e476,1250480.0
6e33e47a,1055880.0
6e33e47f,960324.0
6e33e485,1372670.0
6e33e48a,1450830.0
6e33e48d,1449120.0
6e33e48f,1333690.0
6e33e492,1471010.0
6e33e497,1481370.0
6e33e49d,1114220.0
6e33e4a1,1570800.0
6e33e4a6,1438400.0
6e33e4a9,1074470.0
6e33e4ad,1399600.0
6e33e4b1,1418270.0
6e33e4b3,1376450.0
6e33e4b5,1368910.0
6e33e4b9,1205220.0
6e33e4be,1443280.0
6e33e4c3,1564690.0
6e33e4c8,1196600.0
6e33e4cd,1136900.0
6e33e4cf,1497510.0
6e33e4d1,1140840.0
6e33e4d4,999837.0
6e33e4d7,1461300.0
6e33e4d9,1506060.0
6e33e4db,1285060.0
6e33e4e1,1278950.0
6e33e4e3,1335150.0
6e33e4e9,1232710.0
6e33e4ef,1463080.0
6e33e4f5,1128850.0
6e33e4fb,1235150.0
6e33e4ff,1408850.0
6e33e501,799325.0
6e33e505,1484970.0
6e33e50b,1423920.0
6e33e50e,1347230.0
6e33e511,1538830.0
6e33e516,1429330.0
6e33e51a,1539080.0
6e33e520,1289650.0
6e33e526,1197560.0
6e33e528,1248930.0
6e33e52e,1248110.0
6e33e533,1144870.0
6e33e535,1386630.0
6e33e53b,1471770.0
6e33e53e,1319420.0
6e33e540,1496120.0
6e33e542,1111730.0
6e33e547,1438180.0
6e33e549,983066.0
6e33e54d,982839.0
6e33e553,1165200.0
6e33e558,1454940.0
6e33e55e,1448520.0
6e33e563,1403210.0
6e33e568,1132650.0
6e33e56a,1244280.0
6e33e56c,1264060.0
6e33e56e,1182380.0
6e33e573,1030750.0
6e33e579,1360250.0
6e33e57b,1318740.0
6e33e581,958691.0
6e33e583,1531350.0
6e33e587,1268920.0
6e33e589,1208310.0
6e33e58c,1444000.0
6e33e591,1101210.0
6e33e596,1545660.0
6e33e59b,1282130.0
6e33e59e,1383870.0
6e33e5a2,1428710.0
6e33e5a8,1334240.0
6e33e5aa,1514450.0
6e33e5ad,1075530.0
6e33e5b3,1498600.0
6e33e5b8,1439810.0
6e33e5bd,1104070.0
6e33e5c2,1469880.0
6e33e5c4,1280620.0
6e33e5c9,1366240.0
6e33e5cf,1062730.0
6e33e5d3,1329220.0
6e33e5d8,1178890.0
6e33e5db,1186960.0
6e33e5de,1361670.0
6e33e5e3,1408460.0
6e33e5e8,1006810.0
6e33e5ee,1595260.0
6e33e5f4,1008100.0
6e33e5f9,1306820.0
6e33e5fc,1196160.0
6e33e602,1487760.0
6e33e606,1189640.0
6e33e60c,1239500.0
6e33e60f,1271400.0
6e33e612,1496120.0
6e33e618,1296250.0
6e33e61c,1587780.0
6e33e622,1473870.0
6e33e628,1163520.0
6e33e62d,1505330.0
6e33e632,1215920.0
6e33e634,1440250.0
6e33e638,1365300.0
6e33e63b,1204870.0
6e33e640,1482650.0
6e33e644,1458880.0
6e33e649,1233500.0
6e33e64e,865579.0
6e33e650,1419860.0
6e33e655,1374140.0
6e33e659,1500840.0
6e33e65d,1380500.0
6e33e662,1385770.0
6e33e667,1494220.0
6e33e66a,1227580.0
6e33e670,1243380.0
6e33e673,1258610.0
6e33e675,1399760.0
6e33e678,1182480.0
6e33e67d,1364380.0
6e33e681,1506340.0
6e33e684,1548770.0
6e33e688,1451740.0
6e33e68e,1155640.0
6e33e694,1343090.0
6e33e696,1059840.0
6e33e699,1138460.0
6e33e69f,1477440.0
6e33e6a1,1522010.0
6e33e6a4,1405190.0
6e33e6a6,1496560.0
6e33e6a9,1455450.0
6e33e6ad,1119370.0
6e33e6b3,1589930.0
6e33e6b7,1398320.0
6e33e6bb,1461440.0
6e33e6c0,988122.0
6e33e6c4,1355290.0
6e33e6c6,1449090.0
6e33e6c9,1306570.0
6e33e6ce,1158510.0
6e33e6d3,1453710.0
6e33e6d5,1002480.0
6e33e6d7,1148630.0
6e33e6d9,1340660.0
6e33e6dd,1485340.0
6e33e6df,1361810.0
6e33e6e3,1241520.0
6e33e6e8,1415160.0
6e33e6ed,1326730.0
6e33e6f2,1452340.0
6e33e6f8,1457040.0
6e33e6fd,1286690.0
6e33e702,1420670.0
6e33e708,949216.0
6e33e70d,1173680.0
6e33e710,1407980.0
6e33e714,1151650.0
6e33e71a,1275440.0
6e33e71c,1429680.0
6e33e71e,1268420.0
6e33e720,1214600.0
6e33e723,909034.0
6e33e729,890277.0
6e33e72e,1521550.0
6e33e732,1394820.0
6e33e736,1130500.0
6e33e73b,1470590.0
6e33e73f,1108290.0
6e33e741,1333830.0
6e33e743,1034460.0
6e33e749,1334240.0
6e33e74e,955523.0
6e33e752,1514130.0
6e33e754,1297170.0
6e33e758,1313960.0
6e33e75c,1454130.0
6e33e760,1231500.0
6e33e764,1003220.0
6e33e769,1214890.0
6e33e76d,1594320.0
6e33e773,1064670.0
6e33e777,904766.0
6e33e77d,1041690.0
6e33e782,1250670.0
6e33e786,1080240.0
6e33e78a,1407010.0
6e33e790,1514970.0
6e33e795,1489550.0
6e33e799,1321960.0
6e33e79c,1104910.0
6e33e7a1,1429240.0
6e33e7a4,1528480.0
6e33e7a7,1022130.0
6e33e7aa,1400190.0
6e33e7ae,1349440.0
6e33e7b3,1424100.0
6e33e7b6,1519250.0
6e33e7b8,1278150.0
6e33e7ba,1185160.0
6e33e7be,925038.0
6e33e7c1,1372490.0
6e33e7c5,1104870.0
6e33e7cb,1476110.0
6e33e7cf,1036560.0
6e33e7d2,1141820.0
6e33e7d6,985988.0
6e33e7d8,888157.0
6e33e7db,1222090.0
6e33e7de,1369240.0
6e33e7e3,1036370.0
6e33e7e7,1273250.0
6e33e7e9,920750.0
6e33e7ee,963810.0
6e33e7f3,1155310.0
6e33e7f8,1277730.0
6e33e7fd,1475540.0
6e33e803,1422490.0
6e33e809,1489320.0
6e33e80b,1542510.0
6e33e80d,1128670.0
6e33e812,1379030.0
6e33e814,1371420.0
6e33e81a,1393980.0
6e33e81f,1318660.0
6e33e824,1435470.0
6e33e826,1418960.0
6e33e82c,1311030.0
6e33e831,1249020.0
6e33e835,1424510.0
6e33e838,1304600.0
6e33e83d,1410560.0
6e33e841,1491480.0
6e33e845,1552690.0
6e33e849,1428170.0
6e33e84f,1341480.0
6e33e855,1213510.0
6e33e859,1327240.0
6e33e85f,1416740.0
6e33e862,874400.0
6e33e865,990446.0
6e33e868,1130860.0
6e33e86c,1337510.0
6e33e872,1361920.0
6e33e874,1222900.0
6e33e877,1176760.0
6e33e87d,879051.0
6e33e882,1415450.0
6e33e886,1285830.0
6e33e88a,1509860.0
6e33e88c,1528900.0
6e33e88e,1178150.0
6e33e893,1380810.0
6e33e898,1149080.0
6e33e89a,1166260.0
6e33e89d,1353820.0
6e33e89f,1409390.0
6e33e8a4,1359060.0
6e33e8a8,1263270.0
6e33e8ae,1319540.0
6e33e8b0,1154910.0
6e33e8b2,1343940.0
6e33e8b6,1389890.0
6e33e8b8,1241950.0
6e33e8bd,1362840.0
6e33e8bf,1282940.0
6e33e8c3,1320730.0
6e33e8c8,1460980.0
6e33e8cb,1339390.0
6e33e8d0,1351770.0
6e33e8d3,1241690.0
6e33e8d7,1389340.0
6e33e8dd,1185380.0
6e33e8df,1441400.0
6e33e8e3,1140350.0
6e33e8e9,1470920.0
6e33e8ec,1389430.0
6e33e8f0,1375530.0
6e33e8f3,843579.0
6e33e8f5,1450380.0
6e33e8f9,1291240.0
6e33e8ff,1544190.0
6e33e904,1424160.0
6e33e906,1264070.0
6e33e90c,1400670.0
6e33e911,909739.0
6e33e916,1329720.0
6e33e919,1454630.0
6e33e91f,1398570.0
6e33e925,1311270.0
6e33e928,1218850.0
6e33e92e,1609350.0
6e33e932,946530.0
6e33e934,1026690.0
6e33e939,1232030.0
6e33e93d,1449250.0
6e33e942,1185290.0
6e33e947,1323510.0
6e33e94c,1105350.0
6e33e952,1541220.0
6e33e957,1377420.0
6e33e959,1191760.0
6e33e95f,1281200.0
6e33e963,1474670.0
6e33e967,946774.0
6e33e96a,1097200.0
6e33e96e,1386330.0
6e33e973,1332670.0
6e33e977,1255070.0
6e33e97c,1321360.0
6e33e982,1539590.0
6e33e988,1417450.0
6e33e98e,984745.0
6e33e991,1609820.0
6e33e996,1503220.0
6e33e998,1261170.0
6e33e99b,1438200.0
6e33e9a0,1487360.0
6e33e9a6,1152610.0
6e33e9aa,1260240.0
6e33e9af,1127760.0
6e33e9b2,1536150.0
6e33e9b8,1334400.0
6e33e9bd,1568100.0
6e33e9c3,1188450.0
6e33e9c6,1226000.0
6e33e9cc,1214670.0
6e33e9d2,1200260.0
6e33e9d8,1428200.0
6e33e9db,1460380.0
6e33e9de,1283650.0
6e33e9e2,1446550.0
6e33e9e5,1370500.0
6e33e9ea,1123890.0
6e33e9ee,1421810.0
6e33e9f3,1213670.0
6e33e9f7,1374970.0
6e33e9fd,1250850.0
6e33ea03,1385520.0
6e33ea09,1461230.0
6e33ea0b,1211530.0
6e33ea0f,930935.0
6e33ea15,1375690.0
6e33ea1b,1318480.0
6e33ea21,1454130.0
6e33ea25,1345320.0
6e33ea29,1182370.0
6e33ea2d,888478.0
6e33ea2f,1237290.0
6e33ea32,1571040.0
6e33ea37,1052070.0
6e33ea3d,986293.0
6e33ea42,1243710.0
6e33ea47,942844.0
6e33ea4a,1579570.0
6e33ea4d,1033750.0
6e33ea4f,1261530.0
6e33ea53,1277690.0
6e33ea59,1317040.0
6e33ea5d,1558330.0
6e33ea63,1262970.0
6e33ea69,1463410.0
6e33ea6c,1472590.0
6e33ea6e,1221760.0
6e33ea72,1502360.0
6e33ea75,1297640.0
6e33ea78,1615680.0
6e33ea7a,1317220.0
6e33ea7c,1513920.0
6e33ea7e,1108160.0
6e33ea84,1259680.0
6e33ea87,1223990.0
6e33ea89,1453210.0
6e33ea8c,1290950.0
6e33ea8f,1103080.0
6e33ea94,1004180.0
6e33ea97,1412690.0
6e33ea9d,1258070.0
6e33ea9f,1442650.0
6e33eaa1,1484150.0
6e33eaa3,1243370.0
6e33eaa9,1495740.0
6e33eaae,1204020.0
6e33eab0,1362710.0
6e33eab3,1330090.0
6e33eab6,1290530.0
6e33eabb,1339810.0
6e33eabe,1280950.0
6e33eac3,1356220.0
6e33eac6,1441960.0
6e33eacb,1401450.0
6e33eacd,1077710.0
6e33ead0,1295500.0
6e33ead6,1017260.0
6e33eada,955385.0
6e33eade,1368880.0
6e33eae0,1352450.0
6e33eae5,1499870.0
6e33eae7,1301110.0
6e33eaec,1503320.0
6e33eaef,1377520.0
6e33eaf5,1578270.0
6e33eafa,1382330.0
6e33eaff,1437760.0
6e33eb01,1427420.0
6e33eb06,1256530.0
6e33eb08,1410070.0
6e33eb0e,973265.0
6e33eb10,1081800.0
6e33eb16,1232900.0
6e33eb1b,1322310.0
6e33eb1d,1219000.0
6e33eb20,1277920.0
6e33eb22,1403940.0
6e33eb28,1447090.0
6e33eb2c,1444500.0
6e33eb31,1346270.0
6e33eb37,1329760.0
6e33eb3c,1247780.0
6e33eb42,1339930.0
6e33eb44,925518.0
6e33eb4a,1501040.0
6e33eb4d,1241450.0
6e33eb4f,1404860.0
6e33eb52,878725.0
6e33eb56,1364720.0
6e33eb58,1487170.0
6e33eb5d,1522490.0
6e33eb63,1421060.0
6e33eb66,1431580.0
6e33eb68,1477680.0
6e33eb6c,1084010.0
6e33eb6e,1385680.0
6e33eb73,1559820.0
6e33eb79,1467560.0
6e33eb7b,1139290.0
6e33eb7d,883558.0
6e33eb82,1389070.0
6e33eb84,1476030.0
6e33eb88,1336320.0
6e33eb8a,1326890.0
6e33eb8d,1160830.0
6e33eb91,1557380.0
6e33eb96,1337460.0
6e33eb98,1398050.0
6e33eb9b,901318.0
6e33eba1,903755.0
6e33eba3,1271600.0
6e33eba9,1033140.0
6e33ebae,1242800.0
6e33ebb3,1431730.0
6e33ebb5,1349840.0
6e33ebb7,1199820.0
6e33ebb9,1290450.0
6e33ebbe,1385520.0
6e33ebc0,1375540.0
6e33ebc3,1456290.0
6e33ebc7,1451120.0
6e33ebcb,1380730.0
6e33ebd0,1452970.0
6e33ebd2,1370310.0
6e33ebd6,1320730.0
6e33ebdb,1433090.0
6e33ebe1,1067110.0
6e33ebe3,1189150.0
6e33ebe6,768817.0
6e33ebe9,1320500.0
6e33ebef,1207840.0
6e33ebf5,1362730.0
6e33ebf8,1561450.0
6e33ebfd,1110960.0
6e33ec01,1366530.0
6e33ec04,1137480.0
6e33ec06,1216900.0
6e33ec0b,1221840.0
6e33ec0d,1301660.0
6e33ec12,1279640.0
6e33ec16,1474830.0
6e33ec19,1330410.0
6e33ec1f,1412540.0
6e33ec25,1467460.0
6e33ec2b,846462.0
6e33ec2f,990611.0
6e33ec35,1391040.0
6e33ec39,1133230.0
6e33ec3d,1512520.0
6e33ec43,1011110.0
6e33ec49,1076420.0
6e33ec4e,1101950.0
6e33ec52,1388980.0
6e33ec54,1376300.0
6e33ec59,1513370.0
6e33ec5c,1283420.0
6e33ec5e,1462010.0
6e33ec61,1485010.0
6e33ec63,1350550.0
6e33ec69,1262010.0
6e33ec6b,1312400.0
6e33ec6e,1406580.0
6e33ec71,1303330.0
6e33ec73,1221090.0
6e33ec79,1235470.0
6e33ec7d,1377470.0
6e33ec81,1320420.0
6e33ec85,1342550.0
6e33ec87,1196910.0
6e33ec89,1375800.0
6e33ec8d,1458570.0
6e33ec92,967833.0
6e33ec96,1240810.0
6e33ec9c,1043730.0
6e33eca1,1251820.0
6e33eca3,1350000.0
6e33eca6,1392440.0
6e33ecaa,1325000.0
6e33ecac,1372020.0
6e33ecaf,1143310.0
6e33ecb5,1247410.0
6e33ecb8,1462660.0
6e33ecbd,1222430.0
6e33ecc1,1266070.0
6e33ecc7,1024830.0
6e33eccd,1445420.0
6e33ecd0,1467780.0
6e33ecd6,1402090.0
6e33ecdb,1326280.0
6e33ecde,1482010.0
6e33ece1,1424240.0
6e33ece3,1359570.0
6e33ece7,1122210.0
6e33ecea,1348550.0
6e33ecec,1230220.0
6e33ecf2,1526740.0
6e33ecf7,1383440.0
6e33ecfd,1355390.0
6e33ecff,1523160.0
6e33ed04,1345420.0
6e33ed07,1139890.0
6e33ed0a,1368750.0
6e33ed0f,1326420.0
6e33ed14,1262330.0
6e33ed19,1291530.0
6e33ed1d,1036290.0
6e33ed1f,1489930.0
6e33ed21,1161940.0
6e33ed26,1404830.0
6e33ed2c,1426800.0
6e33ed32,1337650.0
6e33ed35,1150260.0
6e33ed38,1520450.0
6e33ed3d,1492880.0
6e33ed40,1131200.0
6e33ed42,1387040.0
6e33ed48,1084780.0
6e33ed4d,917219.0
6e33ed52,1298490.0
6e33ed55,1083570.0
6e33ed58,1453730.0
6e33ed5a,1441020.0
6e33ed5e,1252360.0
6e33ed64,1395780.0
6e33ed66,1471830.0
6e33ed69,1503450.0
6e33ed6b,1467110.0
6e33ed6d,1330030.0
6e33ed71,1519370.0
6e33ed75,1511370.0
6e33ed7a,1286080.0
6e33ed7e,1211490.0
6e33ed80,1039360.0
6e33ed83,1301820.0
6e33ed85,1264210.0
6e33ed89,1363480.0
6e33ed8c,1390600.0
6e33ed8e,1465520.0
6e33ed91,1424670.0
6e33ed93,1264310.0
6e33ed99,1190560.0
6e33ed9b,799509.0
6e33eda1,1513010.0
6e33eda3,1308860.0
6e33eda6,1299920.0
6e33edab,1388800.0
6e33edb0,1484240.0
6e33edb4,1414540.0
6e33edb6,1403680.0
6e33edb8,1352290.0
6e33edbc,1451950.0
6e33edc1,1076740.0
6e33edc6,1456630.0
6e33edc9,1410240.0
6e33edcf,1402960.0
6e33edd3,1009880.0
6e33edd5,1403600.0
6e33edd8,1529480.0
6e33eddb,1406500.0
6e33edde,1240830.0
6e33ede0,1156270.0
6e33ede6,1163740.0
6e33ede8,1303520.0
6e33edee,1399930.0
6e33edf0,932064.0
6e33edf5,1565500.0
6e33edf9,1398560.0
6e33edfb,1275620.0
6e33edfd,1082050.0
6e33ee00,1477750.0
6e33ee05,961201.0
6e33ee0b,1396820.0
6e33ee0d,1267230.0
6e33ee13,1285890.0
6e33ee17,1247130.0
6e33ee1d,1190260.0
6e33ee20,1254210.0
6e33ee23,923282.0
6e33ee25,1324030.0
6e33ee2a,1417640.0
6e33ee2d,1395030.0
6e33ee2f,1455510.0
6e33ee34,1164800.0
6e33ee37,1352310.0
6e33ee3b,1392150.0
6e33ee3d,1460190.0
6e33ee3f,1129840.0
6e33ee41,1344590.0
6e33ee47,1528960.0
6e33ee4a,1185460.0
6e33ee4c,1403830.0
6e33ee51,1211340.0
6e33ee54,1269720.0
6e33ee59,1393310.0
6e33ee5b,1370440.0
6e33ee61,1374390.0
6e33ee66,1381120.0
6e33ee6b,1382510.0
6e33ee70,1391490.0
6e33ee74,1471330.0
6e33ee77,1020150.0
6e33ee7c,1391940.0
6e33ee7f,1205420.0
6e33ee84,1495610.0
6e33ee88,1277540.0
6e33ee8d,1292820.0
6e33ee93,1172580.0
6e33ee97,1041040.0
6e33ee9a,1446230.0
6e33ee9c,1379460.0
6e33ee9f,1146550.0
6e33eea3,1524640.0
6e33eea6,1536600.0
6e33eeab,1192320.0
6e33eeaf,1489000.0
6e33eeb3,1037850.0
6e33eeb5,1348580.0
6e33eeb7,1544900.0
6e33eeba,1202200.0
6e33eec0,1549900.0
6e33eec2,1432440.0
6e33eec6,1469180.0
6e33eecc,1136200.0
6e33eed2,1427220.0
6e33eed7,1415940.0
6e33eedb,937863.0
6e33eee1,1366710.0
6e33eee6,829648.0
6e33eeec,1051440.0
6e33eef0,1275450.0
6e33eef6,1459180.0
6e33eefb,1476850.0
6e33ef00,1350370.0
6e33ef05,1298620.0
6e33ef0b,1250950.0
6e33ef10,1172520.0
6e33ef16,1296250.0
6e33ef1a,1440400.0
6e33ef1f,1154920.0
6e33ef21,1444630.0
6e33ef23,1364980.0
6e33ef29,1417680.0
6e33ef2d,1470840.0
6e33ef33,1189510.0
6e33ef35,1355310.0
6e33ef3a,1046460.0
6e33ef3f,1157380.0
6e33ef43,1382400.0
6e33ef47,1381680.0
6e33ef4d,1014400.0
6e33ef50,1401860.0
6e33ef53,1383460.0
6e33ef55,1271180.0
6e33ef59,1378460.0
6e33ef5b,1227370.0
6e33ef5f,1389860.0
6e33ef63,1345730.0
6e33ef69,1257930.0
6e33ef6c,1383500.0
6e33ef71,1346050.0
6e33ef75,1225870.0
6e33ef79,1525720.0
6e33ef7b,1431170.0
6e33ef80,1350890.0
6e33ef85,1362440.0
6e33ef8a,1252840.0
6e33ef8c,1147890.0
6e33ef90,1412840.0
6e33ef93,1499180.0
6e33ef98,993850.0
6e33ef9e,1434000.0
6e33efa1,1517890.0
6e33efa7,1433760.0
6e33efa9,962574.0
6e33efad,1514550.0
6e33efb1,1274140.0
6e33efb6,1391560.0
6e33efbc,1358220.0
6e33efbe,1237510.0
6e33efc1,1003700.0
6e33efc7,1289820.0
6e33efcc,1131480.0
6e33efcf,1071430.0
6e33efd4,1306330.0
6e33efd9,1467200.0
6e33efdd,1405790.0
6e33efdf,1309400.0
6e33efe3,1245710.0
6e33efe5,1471570.0
6e33efe7,1420450.0
6e33efea,1327690.0
6e33efec,1253530.0
6e33efee,1125940.0
6e33eff3,1384630.0
6e33eff8,1331320.0
6e33effd,1404480.0
6e33f002,1316340.0
6e33f005,1556440.0
6e33f00a,1238510.0
6e33f010,1414230.0
6e33f016,1316100.0
6e33f01a,1070830.0
6e33f01e,1314510.0
6e33f020,1268630.0
6e33f026,1460490.0
6e33f028,974481.0
6e33f02d,1336180.0
6e33f032,1384930.0
6e33f034,1510720.0
6e33f03a,1404880.0
6e33f040,1333800.0
6e33f043,1505120.0
6e33f048,1437990.0
6e33f04b,1431850.0
6e33f04f,1111920.0
6e33f054,1573540.0
6e33f057,1313040.0
6e33f05c,1535180.0
6e33f062,1562570.0
6e33f067,1242190.0
6e33f06c,1412810.0
6e33f070,1099210.0
6e33f074,1541440.0
6e33f077,1386970.0
6e33f079,1414500.0
6e33f07d,1455100.0
6e33f082,1131520.0
6e33f084,942115.0
6e33f089,1196150.0
6e33f08d,1181380.0
6e33f08f,1050260.0
6e33f095,1210020.0
6e33f09a,1300620.0
6e33f09d,1264910.0
6e33f0a0,1335440.0
6e33f0a2,1292310.0
6e33f0a5,1349010.0
6e33f0aa,1027020.0
6e33f0ae,1425030.0
6e33f0b1,1255370.0
6e33f0b6,1478310.0
6e33f0b8,1455700.0
6e33f0bd,1036560.0
6e33f0c2,1393150.0
6e33f0c6,1239850.0
6e33f0cc,1153120.0
6e33f0d2,1332990.0
6e33f0d4,1281840.0
6e33f0d8,1122330.0
6e33f0de,1423870.0
6e33f0e3,1522020.0
6e33f0e6,1460600.0
6e33f0e8,1069880.0
6e33f0ed,1397580.0
6e33f0f2,1277690.0
6e33f0f6,973615.0
6e33f0fc,1145080.0
6e33f102,1250790.0
6e33f108,1344790.0
6e33f10d,1401230.0
6e33f113,1399540.0
6e33f116,1469580.0
6e33f11c,1485380.0
6e33f122,1259020.0
6e33f125,975894.0
6e33f12a,1495340.0
6e33f12d,1271620.0
6e33f133,1165650.0
6e33f135,1210500.0
6e33f13a,1173500.0
6e33f13c,1526880.0
6e33f13f,1472420.0
6e33f144,1554970.0
6e33f146,1058130.0
6e33f14c,1318790.0
6e33f14e,1438460.0
6e33f153,1150000.0
6e33f155,1434210.0
6e33f15b,1405950.0
6e33f160,1100360.0
6e33f166,1447660.0
6e33f16c,1405420.0
6e33f16e,1260930.0
6e33f172,993210.0
6e33f175,1216610.0
6e33f17b,1277140.0
6e33f17e,1121880.0
6e33f184,1357380.0
6e33f188,1458080.0
6e33f18b,1507660.0
6e33f18d,1182120.0
6e33f192,1282890.0
6e33f197,1119700.0
6e33f19c,846617.0
6e33f19e,1207350.0
6e33f1a3,1485770.0
6e33f1a9,1210910.0
6e33f1ab,1289600.0
6e33f1ad,1408700.0
6e33f1af,1377380.0
6e33f1b4,1095300.0
6e33f1ba,1253360.0
6e33f1bd,1199080.0
6e33f1c2,1228240.0
6e33f1c4,1497070.0
6e33f1c9,1181300.0
6e33f1cf,1374930.0
6e33f1d5,1494470.0
6e33f1da,1306370.0
6e33f1de,1397740.0
6e33f1e1,1355030.0
6e33f1e6,1157460.0
6e33f1ea,1343800.0
6e33f1ee,1256680.0
6e33f1f0,973766.0
6e33f1f6,1327380.0
6e33f1f8,1271230.0
6e33f1fc,1186240.0
6e33f202,1321210.0
6e33f208,1350080.0
6e33f20d,1328410.0
6e33f212,1375310.0
6e33f215,1126240.0
6e33f218,1402220.0
6e33f21c,1386740.0
6e33f21e,1504220.0
6e33f222,1464010.0
6e33f225,1535290.0
6e33f227,1448970.0
6e33f22c,1385160.0
6e33f22f,1641780.0
6e33f233,1294650.0
6e33f239,1201830.0
6e33f23e,1175650.0
6e33f242,1206020.0
6e33f245,1526150.0
6e33f247,1248210.0
6e33f24d,1388400.0
6e33f253,1075190.0
6e33f255,1477280.0
6e33f25a,1225700.0
6e33f25f,1367940.0
6e33f263,1469500.0
6e33f269,1263120.0
6e33f26b,998145.0
6e33f271,1264440.0
6e33f273,1488730.0
6e33f277,1068310.0
6e33f27d,1504100.0
6e33f283,1161240.0
6e33f288,1232080.0
6e33f28b,933415.0
6e33f290,1456120.0
6e33f296,1359230.0
6e33f29c,1473950.0
6e33f29f,1537360.0
6e33f2a4,1311740.0
6e33f2a7,1265750.0
6e33f2ad,1009790.0
6e33f2b0,1145840.0
6e33f2b3,1513620.0
6e33f2b9,992777.0
6e33f2bb,1418450.0
6e33f2bd,1290920.0
6e33f2c0,1364860.0
6e33f2c2,1337380.0
6e33f2c7,1025660.0
6e33f2cc,1143750.0
6e33f2d2,1460750.0
6e33f2d6,1102700.0
6e33f2dc,1287920.0
6e33f2e0,1260650.0
6e33f2e4,1417960.0
6e33f2e7,1490640.0
6e33f2e9,1401390.0
6e33f2ef,1257250.0
6e33f2f4,1379840.0
6e33f2f7,1258550.0
6e33f2fa,1496230.0
6e33f2fc,1028280.0
6e33f302,1222560.0
6e33f304,1474280.0
6e33f307,1497160.0
6e33f30d,1377800.0
6e33f311,1363850.0
6e33f315,1428080.0
6e33f318,1333370.0
6e33f31b,1462360.0
6e33f321,1433130.0
6e33f327,1386230.0
6e33f32d,1456480.0
6e33f332,1461570.0
6e33f334,1281750.0
6e33f338,1395520.0
6e33f33d,1330950.0
6e33f341,1560060.0
6e33f346,1581090.0
6e33f348,1407010.0
6e33f34e,1359330.0
6e33f351,1081150.0
6e33f354,1395040.0
6e33f356,1107520.0
6e33f35c,1242730.0
6e33f35f,1522800.0
6e33f361,1113650.0
6e33f366,1316360.0
6e33f36c,1406710.0
6e33f370,1415530.0
6e33f374,1282930.0
6e33f379,1422070.0
6e33f37c,1348500.0
6e33f37f,1396110.0
6e33f385,1011720.0
6e33f38a,1554880.0
6e33f38c,1331810.0
6e33f391,1374990.0
6e33f396,1333530.0
6e33f39c,1259010.0
6e33f3a1,1093810.0
6e33f3a6,1300540.0
6e33f3a8,1230680.0
6e33f3ac,1496970.0
6e33f3b0,1396830.0
6e33f3b2,1418280.0
6e33f3b6,1446970.0
6e33f3b8,1423240.0
6e33f3bb,1076420.0
6e33f3bd,1369600.0
6e33f3c0,1353940.0
6e33f3c4,1109450.0
6e33f3c9,1287500.0
6e33f3cb,1097740.0
6e33f3ce,1105930.0
6e33f3d2,1208450.0
6e33f3d6,1040040.0
6e33f3db,1263900.0
6e33f3dd,1060670.0
6e33f3e1,1383990.0
6e33f3e3,1425450.0
6e33f3e5,1251250.0
6e33f3eb,1156280.0
6e33f3ef,1609600.0
6e33f3f1,1359930.0
6e33f3f3,1161260.0
6e33f3f9,1499750.0
6e33f3fc,1204510.0
6e33f3ff,1502380.0
6e33f404,1176130.0
6e33f407,1373700.0
6e33f40b,1549790.0
6e33f411,1010320.0
6e33f414,1472360.0
6e33f41a,870776.0
6e33f41c,1038790.0
6e33f421,1059180.0
6e33f425,1250290.0
6e33f427,1228470.0
6e33f42c,1573990.0
6e33f42e,1471080.0
6e33f431,1289400.0
6e33f437,1326630.0
6e33f43a,1384730.0
6e33f440,1378470.0
6e33f442,1065740.0
6e33f445,1156890.0
6e33f44b,1395070.0
6e33f44e,1482690.0
6e33f451,1287950.0
6e33f456,1468430.0
6e33f459,1468070.0
6e33f45f,1439950.0
6e33f461,1399240.0
6e33f463,1436880.0
6e33f465,1274080.0
6e33f468,1305330.0
6e33f46e,1208360.0
6e33f470,1326720.0
6e33f473,1426100.0
6e33f476,1478630.0
6e33f479,1374640.0
6e33f47b,1140940.0
6e33f47d,1454410.0
6e33f481,1466900.0
6e33f483,1303620.0
6e33f485,1314960.0
6e33f48a,1160670.0
6e33f48d,1216080.0
6e33f490,1403440.0
6e33f496,1417280.0
6e33f49c,1227920.0
6e33f49e,1417750.0
6e33f4a0,1526790.0
6e33f4a5,1126860.0
6e33f4a8,1416200.0
6e33f4ae,1030700.0
6e33f4b3,1120830.0
6e33f4b9,1443810.0
6e33f4bd,1311790.0
6e33f4bf,781368.0
6e33f4c3,1331650.0
6e33f4c7,1336630.0
6e33f4ca,971742.0
6e33f4cc,1302450.0
6e33f4d0,1290210.0
6e33f4d3,1571200.0
6e33f4d5,978934.0
6e33f4da,1187960.0
6e33f4dc,1418800.0
6e33f4de,1225600.0
6e33f4e4,1056460.0
6e33f4ea,1422880.0
6e33f4ec,1426610.0
6e33f4f2,1334530.0
6e33f4f8,1309270.0
6e33f4fc,1225550.0
6e33f502,1036940.0
6e33f508,1254530.0
6e33f50b,1308670.0
6e33f511,1248780.0
6e33f517,1273980.0
6e33f51b,1149040.0
6e33f51f,1401840.0
6e33f524,1205230.0
6e33f527,1223330.0
6e33f52a,1463510.0
6e33f52c,1463560.0
6e33f531,1093800.0
6e33f537,1223190.0
6e33f53c,1360820.0
6e33f53f,1242050.0
6e33f541,1252660.0
6e33f543,1329980.0
6e33f547,1366870.0
6e33f54c,1545180.0
6e33f550,1413730.0
6e33f552,1383500.0
6e33f556,1444560.0
6e33f55c,1467460.0
6e33f560,1510530.0
6e33f563,1051480.0
6e33f565,1311490.0
6e33f56b,1527620.0
6e33f56e,1362420.0
6e33f570,1226740.0
6e33f574,1487780.0
6e33f579,1167160.0
6e33f57f,1288480.0
6e33f581,1364430.0
6e33f587,1158400.0
6e33f58d,1474410.0
6e33f593,1237430.0
6e33f599,1423900.0
6e33f59b,1167930.0
6e33f59e,1196910.0
6e33f5a4,1576980.0
6e33f5a8,1208490.0
6e33f5ac,1163390.0
6e33f5b1,1520320.0
6e33f5b5,1461730.0
6e33f5b8,1244310.0
6e33f5be,1025770.0
6e33f5c3,871892.0
6e33f5c8,1422100.0
6e33f5cd,1288580.0
6e33f5d1,1273560.0
6e33f5d4,1266160.0
6e33f5d7,1424320.0
6e33f5d9,1313820.0
6e33f5de,1330070.0
6e33f5e0,1396210.0
6e33f5e5,1292530.0
6e33f5e7,1385920.0
6e33f5eb,1286100.0
6e33f5f1,1414400.0
6e33f5f6,1343510.0
6e33f5fc,1427770.0
6e33f5ff,1111940.0
6e33f601,1493160.0
6e33f606,1274950.0
6e33f608,1368650.0
6e33f60e,953412.0
6e33f612,1183190.0
6e33f615,1343410.0
6e33f61b,1370250.0
6e33f61d,1085410.0
6e33f620,1079470.0
6e33f625,1270110.0
6e33f628,1204600.0
6e33f62b,1407460.0
6e33f62d,1157370.0
6e33f630,1561940.0
6e33f636,1211540.0
6e33f63a,1238010.0
6e33f63c,1385210.0
6e33f63e,1358650.0
6e33f640,1275990.0
6e33f642,1393380.0
6e33f648,1169000.0
6e33f64a,1160890.0
6e33f64d,1466670.0
6e33f651,1262110.0
6e33f655,1233830.0
6e33f659,1330250.0
6e33f65c,1468890.0
6e33f662,1349590.0
6e33f664,1462220.0
6e33f666,1378460.0
6e33f669,1202660.0
6e33f66c,1314030.0
6e33f670,996081.0
6e33f674,1337850.0
6e33f679,1450370.0
6e33f67c,1463030.0
6e33f67e,1060330.0
6e33f681,1426420.0
6e33f684,1445660.0
6e33f689,1228020.0
6e33f68f,1450960.0
6e33f691,1408030.0
6e33f693,1275470.0
6e33f699,1150090.0
6e33f69c,1422060.0
6e33f6a0,1049150.0
6e33f6a6,980963.0
6e33f6a8,1500300.0
6e33f6ae,1122540.0
6e33f6b3,1076640.0
6e33f6b6,872870.0
6e33f6b9,1252920.0
6e33f6bf,1452550.0
6e33f6c3,1434670.0
6e33f6c8,1533360.0
6e33f6cb,1011430.0
6e33f6cd,1448070.0
6e33f6d0,1259100.0
6e33f6d3,1372720.0
6e33f6d7,1169620.0
6e33f6dd,1419480.0
6e33f6e2,1423150.0
6e33f6e6,1224520.0
6e33f6e9,1405040.0
6e33f6ef,1270280.0
6e33f6f2,1240390.0
6e33f6f7,1209510.0
6e33f6fc,1100820.0
6e33f701,1376260.0
6e33f704,1138830.0
6e33f709,1441330.0
6e33f70d,1118710.0
6e33f712,1330060.0
6e33f714,1357360.0
6e33f718,1251500.0
6e33f71c,1574010.0
6e33f71e,1331500.0
6e33f724,1401310.0
6e33f729,1459490.0
6e33f72b,1365180.0
6e33f72e,1413700.0
6e33f730,1449440.0
6e33f735,1402090.0
6e33f738,1293100.0
6e33f73a,1361150.0
6e33f740,1408550.0
6e33f743,1329200.0
6e33f747,1179770.0
6e33f74d,1054580.0
6e33f750,1248990.0
6e33f755,1260430.0
6e33f758,1480630.0
6e33f75a,1305970.0
6e33f75d,1329120.0
6e33f761,1291370.0
6e33f763,1497110.0
6e33f767,1342550.0
6e33f76c,1366370.0
6e33f76f,1350710.0
6e33f771,1504440.0
6e33f773,1140640.0
6e33f775,1110250.0
6e33f779,1402910.0
6e33f77b,1321300.0
6e33f781,1458650.0
6e33f785,1302720.0
6e33f787,1312860.0
6e33f78b,1184620.0
6e33f78e,1491810.0
6e33f790,1361650.0
6e33f793,1575720.0
6e33f797,1353460.0
6e33f79a,1135140.0
6e33f79f,1364270.0
6e33f7a2,1425040.0
6e33f7a6,1264620.0
6e33f7a8,1603140.0
6e33f7ad,1434020.0
6e33f7b0,1485010.0
6e33f7b3,1365870.0
6e33f7b5,1374860.0
6e33f7b7,1227810.0
6e33f7bc,1402990.0
6e33f7c1,1242780.0
6e33f7c5,1533880.0
6e33f7c7,1296980.0
6e33f7cc,1446710.0
6e33f7d0,1266480.0
6e33f7d2,1119580.0
6e33f7d4,1416320.0
6e33f7da,1218260.0
6e33f7df,1629300.0
6e33f7e4,1199790.0
6e33f7e9,1353220.0
6e33f7ec,1023010.0
6e33f7f0,1409900.0
6e33f7f4,1346160.0
6e33f7f8,987677.0
6e33f7fa,1255250.0
6e33f7fd,1340610.0
6e33f802,1103130.0
6e33f804,1524240.0
6e33f808,1438260.0
6e33f80d,1222600.0
6e33f812,1445670.0
6e33f814,1542080.0
6e33f816,1365870.0
6e33f81a,1376730.0
6e33f81e,1221890.0
6e33f824,1385280.0
6e33f828,1218450.0
6e33f82b,1397230.0
6e33f82e,1566550.0
6e33f830,1467720.0
6e33f835,991322.0
6e33f83b,1330370.0
6e33f840,1340420.0
6e33f843,1044520.0
6e33f848,1391360.0
6e33f84e,1301410.0
6e33f854,1318510.0
6e33f85a,1471870.0
6e33f85d,1112070.0
6e33f860,1480900.0
6e33f864,1468500.0
6e33f868,1164500.0
6e33f86d,1464390.0
6e33f872,1368100.0
6e33f875,1497590.0
6e33f877,1452740.0
6e33f87a,1183580.0
6e33f87c,1473690.0
6e33f87f,1458770.0
6e33f885,1415990.0
6e33f887,1081350.0
6e33f88b,1294660.0
6e33f88f,1487830.0
6e33f891,1412500.0
6e33f896,1302300.0
6e33f899,1416590.0
6e33f89b,1184790.0
6e33f8a0,1272360.0
6e33f8a5,1397300.0
6e33f8a9,1014200.0
6e33f8ac,1356150.0
6e33f8b1,1422270.0
6e33f8b4,1235800.0
6e33f8b7,1687440.0
6e33f8bc,1158320.0
6e33f8c1,1303350.0
6e33f8c3,1395810.0
6e33f8c6,1558340.0
6e33f8cc,1634640.0
6e33f8d2,1212220.0
6e33f8d7,1452300.0
6e33f8da,1357240.0
6e33f8df,1336010.0
6e33f8e2,1479990.0
6e33f8e4,1372790.0
6e33f8ea,1485840.0
6e33f8f0,1427980.0
6e33f8f3,1351610.0
6e33f8f7,1313690.0
6e33f8f9,1370260.0
6e33f8fb,1239290.0
6e33f8fe,1336100.0
6e33f902,1146340.0
6e33f906,1538940.0
6e33f90c,1480000.0
6e33f90e,1261620.0
6e33f914,1324600.0
6e33f918,1492580.0
6e33f91d,1445880.0
6e33f921,1161840.0
6e33f923,1478750.0
6e33f926,879332.0
6e33f92c,1477750.0
6e33f930,1467000.0
6e33f934,1392900.0
6e33f936,1256470.0
6e33f93a,1335870.0
6e33f93e,1560660.0
6e33f942,1396660.0
6e33f945,1387500.0
6e33f949,1311040.0
6e33f94f,1527990.0
6e33f952,1285020.0
6e33f957,1059100.0
6e33f95d,1443080.0
6e33f960,923456.0
6e33f964,1200140.0
6e33f96a,1282610.0
6e33f970,1296380.0
6e33f974,1438860.0
6e33f979,1477620.0
6e33f97d,1450170.0
6e33f983,1459420.0
6e33f985,1448360.0
6e33f98b,950053.0
6e33f991,1455130.0
6e33f997,1206690.0
6e33f99a,1490990.0
6e33f99f,1209030.0
6e33f9a2,1542490.0
6e33f9a7,1447620.0
6e33f9a9,1291990.0
6e33f9ae,1185500.0
6e33f9b1,1364650.0
6e33f9b6,1419000.0
6e33f9bc,1429700.0
6e33f9bf,1412410.0
6e33f9c1,1320560.0
6e33f9c5,1164350.0
6e33f9c9,1314310.0
6e33f9ce,1333330.0
6e33f9d0,1471500.0
6e33f9d5,1176310.0
6e33f9d9,1260420.0
6e33f9de,1396660.0
6e33f9e1,1218740.0
6e33f9e6,1480920.0
6e33f9ea,1458330.0
6e33f9ee,1330110.0
6e33f9f0,1280270.0
6e33f9f2,1264660.0
6e33f9f4,1378800.0
6e33f9f6,1328070.0
6e33f9fb,1311600.0
6e33f9fe,1317880.0
6e33fa01,1385200.0
6e33fa06,1451810.0
6e33fa0c,1117840.0
6e33fa11,1440450.0
6e33fa16,1184630.0
6e33fa18,1447200.0
6e33fa1d,1460030.0
6e33fa21,1266870.0
6e33fa27,1402370.0
6e33fa2a,1447320.0
6e33fa2c,1025800.0
6e33fa31,1185550.0
6e33fa33,1485620.0
6e33fa37,1551840.0
6e33fa39,1514640.0
6e33fa3b,1157980.0
6e33fa41,1425320.0
6e33fa44,1444850.0
6e33fa47,1151830.0
6e33fa4a,1285920.0
6e33fa4c,1344610.0
6e33fa4f,1201220.0
6e33fa53,1083760.0
6e33fa58,1019010.0
6e33fa5b,1028000.0
6e33fa5f,1143830.0
6e33fa62,1296890.0
6e33fa67,1287250.0
6e33fa6b,1115450.0
6e33fa6f,1029320.0
6e33fa72,1223110.0
6e33fa75,1376000.0
6e33fa78,1484300.0
6e33fa7a,1367030.0
6e33fa7f,1338940.0
6e33fa82,1406670.0
6e33fa87,1418300.0
6e33fa8a,1493690.0
6e33fa8d,1283070.0
6e33fa93,1326920.0
6e33fa97,1465860.0
6e33fa9d,1471160.0
6e33fa9f,1470210.0
6e33faa2,1432900.0
6e33faa6,1511120.0
6e33faaa,1122960.0
6e33fab0,1450220.0
6e33fab4,1419980.0
6e33fab9,1544650.0
6e33fabb,1564610.0
6e33fac0,1414190.0
6e33fac3,1046880.0
6e33fac9,1192060.0
6e33facb,1079000.0
6e33face,1406730.0
6e33fad2,1448070.0
6e33fad6,1392660.0
6e33fad8,1392860.0
6e33fadc,1324330.0
6e33fae0,1337720.0
6e33fae5,1272840.0
6e33fae8,1503970.0
6e33faeb,1247980.0
6e33faf1,1381720.0
6e33faf6,869085.0
6e33faf8,1332400.0
6e33fafe,1118430.0
6e33fb02,1262720.0
6e33fb06,1360280.0
6e33fb0c,763263.0
6e33fb0e,1439600.0
6e33fb14,1246220.0
6e33fb19,1394170.0
6e33fb1c,1300470.0
6e33fb20,1473450.0
6e33fb24,1345010.0
6e33fb28,1494040.0
6e33fb2e,1227080.0
6e33fb34,1204430.0
6e33fb39,1078890.0
6e33fb3c,1195560.0
6e33fb40,1167130.0
6e33fb46,1107000.0
6e33fb4a,1433650.0
6e33fb4c,1548870.0
6e33fb4e,1148030.0
6e33fb50,1435650.0
6e33fb54,1278240.0
6e33fb5a,1391340.0
6e33fb5d,993603.0
6e33fb5f,919950.0
6e33fb62,1408320.0
6e33fb67,1371340.0
6e33fb6c,1434680.0
6e33fb70,1422930.0
6e33fb73,1388530.0
6e33fb77,1360200.0
6e33fb7d,1277510.0
6e33fb83,1123710.0
6e33fb89,1230850.0
6e33fb8d,1397840.0
6e33fb93,1671310.0
6e33fb95,1409430.0
6e33fb97,1273160.0
6e33fb9c,1421950.0
6e33fba1,1499390.0
6e33fba3,976616.0
6e33fba6,1441410.0
6e33fba8,1346710.0
6e33fbae,1213550.0
6e33fbb3,1406300.0
6e33fbb7,1397280.0
6e33fbba,1263310.0
6e33fbbf,1383510.0
6e33fbc3,1376430.0
6e33fbc6,1334090.0
6e33fbcb,1136250.0
6e33fbcd,1409940.0
6e33fbd0,1242320.0
6e33fbd4,1467080.0
6e33fbd7,1443390.0
6e33fbdb,1217320.0
6e33fbdd,1039290.0
6e33fbe3,998024.0
6e33fbe8,949457.0
6e33fbea,875670.0
6e33fbee,1443680.0
6e33fbf0,1214800.0
6e33fbf3,1347670.0
6e33fbf7,875795.0
6e33fbf9,1515820.0
6e33fbfe,1254710.0
6e33fc04,1464530.0
6e33fc08,1400120.0
6e33fc0d,1290580.0
6e33fc10,1380780.0
6e33fc14,905667.0
6e33fc18,1536500.0
6e33fc1d,1270830.0
6e33fc22,1135070.0
6e33fc27,1498560.0
6e33fc2d,1159490.0
6e33fc33,1447130.0
6e33fc36,1356590.0
6e33fc3b,1524890.0
6e33fc3f,1329370.0
6e33fc41,1480240.0
6e33fc46,1276270.0
6e33fc4b,1336150.0
6e33fc50,1003310.0
6e33fc52,1530870.0
6e33fc57,1363390.0
6e33fc5d,864408.0
6e33fc63,1572640.0
6e33fc65,1546780.0
6e33fc6b,1413390.0
6e33fc71,1289140.0
6e33fc74,885978.0
6e33fc76,1462710.0
6e33fc7b,1040480.0
6e33fc81,1085640.0
6e33fc86,1251270.0
6e33fc88,1496330.0
6e33fc8c,1340840.0
6e33fc8e,1024210.0
6e33fc92,1412200.0
6e33fc96,1089590.0
6e33fc9c,1370090.0
6e33fc9f,1479110.0
6e33fca5,1512690.0
6e33fcab,1233470.0
6e33fcb0,1376550.0
6e33fcb6,1124690.0
6e33fcb8,1544020.0
6e33fcbc,1273770.0
6e33fcc1,1373580.0
6e33fcc5,1378930.0
6e33fcc8,1446570.0
6e33fccb,1414310.0
6e33fccf,1386500.0
6e33fcd3,1433800.0
6e33fcd9,1333530.0
6e33fcdc,1309620.0
6e33fce0,1215170.0
6e33fce3,1358450.0
6e33fce9,1325010.0
6e33fcef,1519170.0
6e33fcf2,1094480.0
6e33fcf5,1391320.0
6e33fcf7,1164070.0
6e33fcfd,1358850.0
6e33fd03,1455640.0
6e33fd09,1326460.0
6e33fd0d,1202000.0
6e33fd0f,1115470.0
6e33fd13,1120140.0
6e33fd17,1262680.0
6e33fd1b,906067.0
6e33fd1e,1291670.0
6e33fd20,1313960.0
6e33fd23,1407100.0
6e33fd27,1402500.0
6e33fd2c,1277470.0
6e33fd30,1152050.0
6e33fd34,1515600.0
6e33fd39,1297620.0
6e33fd3b,1153380.0
6e33fd3d,1052440.0
6e33fd41,1366740.0
6e33fd43,1261070.0
6e33fd49,1091350.0
6e33fd4c,1359210.0
6e33fd51,1473030.0
6e33fd57,940135.0
6e33fd59,1068700.0
6e33fd5c,1234780.0
6e33fd62,1400810.0
6e33fd67,1440330.0
6e33fd69,1437360.0
6e33fd6c,1283900.0
6e33fd70,1278690.0
6e33fd74,1164910.0
6e33fd79,1393070.0
6e33fd7b,1142640.0
6e33fd7d,1347540.0
6e33fd81,1200660.0
6e33fd85,1251160.0
6e33fd87,1436990.0
6e33fd89,1051650.0
6e33fd8e,1479690.0
6e33fd90,1089710.0
6e33fd94,1269190.0
6e33fd99,1112130.0
6e33fd9c,1018060.0
6e33fd9f,1368450.0
6e33fda2,1302710.0
6e33fda8,1308540.0
6e33fdac,1453890.0
6e33fdb1,1238900.0
6e33fdb7,1464190.0
6e33fdba,1322710.0
6e33fdc0,1452470.0
6e33fdc2,1394330.0
6e33fdc6,1314290.0
6e33fdcc,1324270.0
6e33fdd2,1516680.0
6e33fdd4,1504970.0
6e33fdda,1394080.0
6e33fddc,1580410.0
6e33fddf,1325380.0
6e33fde1,1311790.0
6e33fde7,1341000.0
6e33fdeb,1436390.0
6e33fdf1,1115010.0
6e33fdf3,1438290.0
6e33fdf5,1170470.0
6e33fdf7,1515520.0
6e33fdfa,1317530.0
6e33fdfc,1342100.0
6e33fdff,1288140.0
6e33fe04,1334890.0
6e33fe07,1124850.0
6e33fe0a,1387550.0
6e33fe10,1135100.0
6e33fe14,1433000.0
6e33fe1a,1460360.0
6e33fe1d,1256010.0
6e33fe1f,1088500.0
6e33fe21,1421860.0
6e33fe27,1395120.0
6e33fe2d,1307580.0
6e33fe2f,1389470.0
6e33fe32,1161070.0
6e33fe36,1398980.0
6e33fe38,1388270.0
6e33fe3c,1412260.0
6e33fe42,1304010.0
6e33fe46,1556460.0
6e33fe49,1382580.0
6e33fe4f,1343190.0
6e33fe51,1364970.0
6e33fe53,1433080.0
6e33fe55,1318380.0
6e33fe59,1213890.0
6e33fe5f,1281370.0
6e33fe65,1325240.0
6e33fe6a,884660.0
6e33fe6e,1449600.0
6e33fe70,1416910.0
6e33fe76,1310380.0
6e33fe78,1115720.0
6e33fe7e,991802.0
6e33fe80,1290230.0
6e33fe84,1239690.0
6e33fe86,1173220.0
6e33fe88,1064700.0
6e33fe8c,1102010.0
6e33fe8f,1283170.0
6e33fe91,1367310.0
6e33fe97,1450100.0
6e33fe9a,1461230.0
6e33fe9d,1452590.0
6e33fea2,1372310.0
6e33fea6,1201230.0
6e33feab,1434660.0
6e33feae,1426260.0
6e33feb0,1514820.0
6e33feb3,1394250.0
6e33feb7,1195560.0
6e33feb9,1345750.0
6e33febd,1420930.0
6e33fec3,1418060.0
6e33fec8,1260240.0
6e33fece,1366290.0
6e33fed3,1450240.0
6e33fed9,1195020.0
6e33fede,1235270.0
6e33fee2,1521260.0
6e33fee6,1380640.0
6e33feec,1438760.0
6e33feee,1069190.0
6e33fef1,1286100.0
6e33fef3,1372600.0
6e33fef7,1544160.0
6e33fefa,1021660.0
6e33feff,1240980.0
6e33ff04,1281790.0
6e33ff08,1362170.0
6e33ff0b,1356920.0
6e33ff0d,1164300.0
6e33ff10,1456740.0
6e33ff14,1615450.0
6e33ff18,1318050.0
6e33ff1d,1428400.0
6e33ff1f,1027240.0
6e33ff23,1325310.0
6e33ff26,1291010.0
6e33ff28,1403680.0
6e33ff2d,1374270.0
6e33ff32,1492400.0
6e33ff36,1382400.0
6e33ff39,1177900.0
6e33ff3f,1350490.0
6e33ff45,1387190.0
6e33ff47,1321300.0
6e33ff49,991011.0
6e33ff4e,1306230.0
6e33ff53,970492.0
6e33ff55,1408080.0
6e33ff5a,1184090.0
6e33ff5c,1439870.0
6e33ff5f,1350320.0
6e33ff63,1316260.0
6e33ff67,1153740.0
6e33ff6c,1512920.0
6e33ff6e,1418160.0
6e33ff70,1250450.0
6e33ff76,1007330.0
6e33ff7c,1397680.0
6e33ff7f,1367970.0
6e33ff84,1099130.0
6e33ff88,1249050.0
6e33ff8a,1285270.0
6e33ff8f,912152.0
6e33ff91,1527540.0
6e33ff94,1119730.0
6e33ff97,1449050.0
6e33ff99,1513830.0
6e33ff9e,1418790.0
6e33ffa0,1434200.0
6e33ffa2,1418560.0
6e33ffa5,1430630.0
6e33ffa9,1499910.0
6e33ffac,1234550.0
6e33ffb2,1382480.0
6e33ffb8,1202540.0
6e33ffba,1474180.0
6e33ffbf,1433570.0
6e33ffc3,1514130.0
6e33ffc5,1472450.0
6e33ffc9,1368080.0
6e33ffce,1155250.0
6e33ffd0,1330970.0
6e33ffd6,1081130.0
6e33ffdb,1370700.0
6e33ffdd,1391360.0
6e33ffe3,1228090.0
6e33ffe9,1200870.0
6e33ffec,914611.0
6e33fff2,1434870.0
6e33fff6,1232740.0
6e33fff8,1607530.0
6e33fffc,1238890.0
6e340000,943105.0
6e340005,1378910.0
6e340007,1490780.0
6e34000c,1452880.0
6e340012,1550560.0
6e340018,872727.0
6e34001e,1170880.0
6e340020,1373970.0
6e340026,1232210.0
6e340028,1261180.0
6e34002d,1416120.0
6e340031,1244160.0
6e340034,1429270.0
6e340039,1262700.0
6e34003f,1383850.0
6e340043,1505120.0
6e340046,1108620.0
6e34004c,1151330.0
6e340052,1182280.0
6e340057,1377230.0
6e34005c,1325790.0
6e340061,1400350.0
6e340064,1366000.0
6e34006a,1347050.0
6e34006f,1381870.0
6e340071,1448330.0
6e340075,1189860.0
6e340077,1220790.0
6e34007d,1391830.0
6e340082,1267810.0
6e340087,1553510.0
6e34008b,1198210.0
6e34008f,1092370.0
6e340093,1281160.0
6e340096,1330600.0
6e340098,1176880.0
6e34009e,1330090.0
6e3400a0,1332600.0
6e3400a3,1444390.0
6e3400a5,1249800.0
6e3400a8,1441330.0
6e3400ae,1310430.0
6e3400b2,1280980.0
6e3400b4,1480690.0
6e3400b8,1422680.0
6e3400bc,1350860.0
6e3400c2,1329430.0
6e3400c6,1482600.0
6e3400cb,1120830.0
6e3400cd,1188720.0
6e3400d3,1341280.0
6e3400d8,1296740.0
6e3400dd,1352630.0
6e3400e0,1132100.0
6e3400e6,877290.0
6e3400ea,1467070.0
6e3400ee,911596.0
6e3400f3,1346470.0
6e3400f6,1241250.0
6e3400fb,1113950.0
6e340101,995609.0
6e340103,1415940.0
6e340107,1343780.0
6e340109,1327610.0
6e34010b,1289540.0
6e34010d,1425220.0
6e340110,1430590.0
6e340116,1264260.0
6e340118,1181880.0
6e34011b,1311810.0
6e34011e,1475300.0
6e340124,1282350.0
6e34012a,1398170.0
6e34012d,1204920.0
6e340132,1424380.0
6e340134,1269420.0
6e34013a,1333450.0
6e340140,1283670.0
6e340146,1063730.0
6e34014c,1404720.0
6e34014f,1274700.0
6e340152,1464800.0
6e340155,1428850.0
6e340158,1362730.0
6e34015e,1369440.0
6e340163,1476000.0
6e340169,1187420.0
6e34016d,1296610.0
6e340172,1459100.0
6e340177,1431430.0
6e34017c,1526790.0
6e340182,1422110.0
6e340186,1275280.0
6e34018c,973411.0
6e340191,1540170.0
6e340195,1472400.0
6e340199,1183250.0
6e34019e,1018350.0
6e3401a2,1407720.0
6e3401a8,1268250.0
6e3401aa,1558070.0
6e3401b0,1439180.0
6e3401b5,1249210.0
6e3401b7,1532020.0
6e3401bb,1153120.0
6e3401bf,1326740.0
6e3401c4,1212470.0
6e3401c9,1365360.0
6e3401cf,1222190.0
6e3401d5,1454400.0
6e3401db,1093600.0
6e3401df,1270280.0
6e3401e3,1237340.0
6e3401e7,1427020.0
6e3401e9,1575610.0
6e3401ee,1305950.0
6e3401f4,1143000.0
6e3401f9,1452090.0
6e3401fd,1221960.0
6e340202,1345060.0
6e340206,1347460.0
6e340208,1437950.0
6e34020b,1329430.0
6e340211,1429130.0
6e340214,1382020.0
6e340218,1399640.0
6e34021b,979653.0
6e340221,1516260.0
6e340225,990781.0
6e340228,1413820.0
6e34022d,1526550.0
6e34022f,1326400.0
6e340235,1253250.0
6e34023a,1447760.0
6e340240,1571690.0
6e340244,872957.0
6e340246,1412150.0
6e340249,1440150.0
6e34024d,1292830.0
6e34024f,981813.0
6e340255,1303550.0
6e340257,1260430.0
6e34025a,1342280.0
6e34025e,1514180.0
6e340263,1358740.0
6e340265,1489980.0
6e340269,1471780.0
6e34026f,1400800.0
6e340274,1238280.0
6e340279,1536830.0
6e34027b,1340910.0
6e34027f,1370610.0
6e340282,1132910.0
6e340285,1270220.0
6e34028b,1111870.0
6e340290,1334350.0
6e340292,1296590.0
6e340297,1395170.0
6e34029a,1430170.0
6e34029c,1479630.0
6e3402a0,1398860.0
6e3402a5,1508110.0
6e3402aa,1245340.0
6e3402ad,1241700.0
6e3402b2,1374400.0
6e3402b4,1302930.0
6e3402b7,1022970.0
6e3402bc,1279970.0
6e3402c0,1353930.0
6e3402c3,1408150.0
6e3402c5,1274370.0
6e3402c7,1423310.0
6e3402ca,1288830.0
6e3402d0,1391710.0
6e3402d6,1230790.0
6e3402da,1272630.0
6e3402e0,1093220.0
6e3402e6,1294500.0
6e3402ea,1088790.0
6e3402ee,1480600.0
6e3402f4,1496910.0
6e3402f8,1224450.0
6e3402fa,1293430.0
6e3402fc,1199830.0
6e3402ff,1210560.0
6e340302,1316490.0
6e340308,1512650.0
6e34030c,1103110.0
6e340311,1422050.0
6e340317,987766.0
6e34031a,1458990.0
6e34031c,1442680.0
6e340320,1364120.0
6e340325,1478310.0
6e34032a,1425130.0
6e34032c,1538760.0
6e340331,1183010.0
6e340333,1470250.0
6e340337,1185440.0
6e34033b,1348400.0
6e34033f,1463660.0
6e340342,1412840.0
6e340344,1272660.0
6e340349,1428120.0
6e34034b,1526050.0
6e34034d,1265890.0
6e340352,1519720.0
6e340356,1295770.0
6e34035b,1353690.0
6e340361,1063640.0
6e340366,1457480.0
6e34036c,1232510.0
6e34036e,1345380.0
6e340370,1212780.0
6e340373,1319750.0
6e340379,1043900.0
6e34037e,1374390.0
6e340380,1478930.0
6e340385,1597990.0
6e34038a,1336830.0
6e340390,1340370.0
6e340396,1522610.0
6e34039c,1287890.0
6e34039f,1241700.0
6e3403a4,1550140.0
6e3403a8,1309450.0
6e3403ae,1489590.0
6e3403b3,1400380.0
6e3403b6,1009160.0
6e3403bb,1262160.0
6e3403bf,1325040.0
6e3403c2,1071910.0
6e3403c4,1428230.0
6e3403ca,1405050.0
6e3403cd,1367310.0
6e3403d0,1365940.0
6e3403d5,1361270.0
6e3403d9,1418500.0
6e3403df,1447100.0
6e3403e3,1052980.0
6e3403e7,1345820.0
6e3403ea,1449310.0
6e3403ef,1526000.0
6e3403f3,1049790.0
6e3403f8,1239840.0
6e3403fb,1490410.0
6e340401,1183170.0
6e340406,1407940.0
6e340408,1300630.0
6e34040e,1467720.0
6e340413,1388720.0
6e340415,1112670.0
6e340418,1426700.0
6e34041d,1179520.0
6e34041f,1042750.0
6e340422,1018200.0
6e340427,1328630.0
6e34042b,1285910.0
6e34042e,1280340.0
6e340433,1356410.0
6e340437,1256260.0
6e340439,929274.0
6e34043e,1468400.0
6e340441,1513800.0
6e340443,1433780.0
6e340447,1290350.0
6e34044d,1407620.0
6e340450,1437640.0
6e340456,1353750.0
6e340459,975706.0
6e34045e,1324970.0
6e340461,1365340.0
6e340464,1403480.0
6e340468,1393800.0
6e34046c,1352950.0
6e340470,1122350.0
6e340474,1250580.0
6e340479,1418430.0
6e34047f,1445620.0
6e340485,1385890.0
6e340488,1449420.0
6e34048a,1524050.0
6e34048e,1541390.0
6e340492,1564180.0
6e340495,1451880.0
6e340497,1120140.0
6e34049a,1395820.0
6e3404a0,1524190.0
6e3404a3,991460.0
6e3404a6,1315500.0
6e3404a9,1260730.0
6e3404af,1386720.0
6e3404b3,1099620.0
6e3404b5,1327290.0
6e3404b9,1453150.0
6e3404bf,1341320.0
6e3404c1,1284100.0
6e3404c5,1373450.0
6e3404c8,1360650.0
6e3404cb,1331300.0
6e3404cf,1326520.0
6e3404d2,1555690.0
6e3404d7,1241470.0
6e3404d9,1125640.0
6e3404dd,1305610.0
6e3404e3,1411820.0
6e3404e6,1280780.0
6e3404e9,1200100.0
6e3404eb,1325810.0
6e3404ed,1361670.0
6e3404ef,846261.0
6e3404f5,1347670.0
6e3404f9,1282100.0
6e3404fe,1449670.0
6e340503,1441780.0
6e340505,1194850.0
6e340508,1223370.0
6e34050a,1376240.0
6e34050c,1237420.0
6e34050f,1388940.0
6e340513,1488510.0
6e340515,1383330.0
6e34051b,1298370.0
6e34051e,1357300.0
6e340523,1217890.0
6e340528,1187110.0
6e34052d,1105530.0
6e340532,1384780.0
6e340537,1387060.0
6e34053d,1150050.0
6e340543,1286870.0
6e340547,1238640.0
6e34054c,1399370.0
6e340551,1294410.0
6e340554,1292970.0
6e340559,1407720.0
6e34055d,1210930.0
6e340560,1313010.0
6e340565,1302730.0
6e34056b,1235120.0
6e340570,1406840.0
6e340572,1546070.0
6e340574,1410460.0
6e340578,1333140.0
6e34057e,1460880.0
6e340580,1273170.0
6e340584,1392980.0
6e340588,1206350.0
6e34058c,1277100.0
6e340590,1038250.0
6e340596,1445790.0
6e340598,1236200.0
6e34059d,1453070.0
6e3405a3,1227970.0
6e3405a7,1276520.0
6e3405ad,1461450.0
6e3405b3,1456300.0
6e3405b7,1244770.0
6e3405bb,1420840.0
6e3405c0,1341410.0
6e3405c2,1341790.0
6e3405c4,1216730.0
6e3405c7,1590230.0
6e3405cc,1339080.0
6e3405cf,1301740.0
6e3405d3,1243930.0
6e3405d8,1264730.0
6e3405db,1014200.0
6e3405de,1168940.0
6e3405e4,1167870.0
6e3405e9,1198380.0
6e3405ec,1250410.0
6e3405ef,1392900.0
6e3405f2,1358770.0
6e3405f7,1188350.0
6e3405f9,1191790.0
6e3405ff,1331430.0
6e340604,1574390.0
6e34060a,1475250.0
6e34060e,1341910.0
6e340614,1337700.0
6e340619,1308750.0
6e34061f,1368310.0
6e340624,1417100.0
6e34062a,1466940.0
6e34062e,1533990.0
6e340630,1371430.0
6e340636,955108.0
6e340639,1464640.0
6e34063f,1361630.0
6e340643,1404500.0
6e340648,1099830.0
6e34064d,842462.0
6e340651,1319330.0
6e340654,1376970.0
6e340657,1268760.0
6e34065c,1397160.0
6e340660,1387560.0
6e340664,1322330.0
6e340669,1352370.0
6e34066e,1542810.0
6e340672,1401230.0
6e340674,923980.0
6e34067a,1554250.0
6e340680,1109330.0
6e340684,1099270.0
6e340688,1336880.0
6e34068a,1309790.0
6e34068e,1365720.0
6e340692,1288690.0
6e340694,1305110.0
6e340697,1538130.0
6e34069d,1379230.0
6e3406a1,1494180.0
6e3406a5,1157410.0
6e3406a9,1449730.0
6e3406ab,1433040.0
6e3406b0,1450730.0
